company_name,device
APPLE,iPhone 13 Pro Max
APPLE,iPhone 13 Pro
APPLE,iPhone 13
APPLE,iPhone 13 mini
APPLE,iPad mini (2021)
APPLE,iPad 10.2 (2021)
APPLE,Watch Edition Series 7
APPLE,Watch Series 7
APPLE,Watch Series 7 Aluminum
APPLE,iPad Pro 12.9 (2021)
APPLE,iPad Pro 11 (2021)
APPLE,iPhone 12 Pro Max
APPLE,iPhone 12 Pro
APPLE,iPhone 12
APPLE,iPhone 12 mini
APPLE,iPad Air (2020)
APPLE,iPad 10.2 (2020)
APPLE,Watch SE
APPLE,Watch Series 6 Aluminum
APPLE,Watch Series 6
APPLE,Watch Edition Series 6
APPLE,iPhone SE (2020)
APPLE,iPad Pro 12.9 (2020)
APPLE,iPad Pro 11 (2020)
APPLE,iPhone 11 Pro Max
APPLE,iPhone 11 Pro
APPLE,iPhone 11
APPLE,iPad 10.2 (2019)
APPLE,Watch Edition Series 5
APPLE,Watch Series 5
APPLE,Watch Series 5 Aluminum
APPLE,iPad Air (2019)
APPLE,iPad mini (2019)
APPLE,iPad Pro 12.9 (2018)
APPLE,iPad Pro 11 (2018)
APPLE,iPhone XS Max
APPLE,iPhone XS
APPLE,iPhone XR
APPLE,Watch Series 4
APPLE,Watch Series 4 Aluminum
APPLE,iPad 9.7 (2018)
APPLE,iPhone X
APPLE,iPhone 8 Plus
APPLE,iPhone 8
APPLE,Watch Edition Series 3
APPLE,Watch Series 3
APPLE,Watch Series 3 Aluminum
APPLE,iPad Pro 12.9 (2017)
APPLE,iPad Pro 10.5 (2017)
APPLE,iPad 9.7 (2017)
APPLE,Watch Edition Series 2 42mm
APPLE,Watch Edition Series 2 38mm
APPLE,Watch Series 2 42mm
APPLE,Watch Series 2 38mm
APPLE,Watch Series 2 Aluminum 42mm
APPLE,Watch Series 1 Aluminum 42mm
APPLE,Watch Series 2 Aluminum 38mm
APPLE,Watch Series 1 Aluminum 38mm
APPLE,iPhone 7 Plus
APPLE,iPhone 7
APPLE,iPad Pro 9.7 (2016)
APPLE,iPhone SE
APPLE,iPhone 6s Plus
APPLE,iPhone 6s
APPLE,iPad Pro 12.9 (2015)
APPLE,iPad mini 4 (2015)
APPLE,Watch Edition 42mm (1st gen)
APPLE,Watch Edition 38mm (1st gen)
APPLE,Watch 42mm (1st gen)
APPLE,Watch 38mm (1st gen)
APPLE,Watch Sport 42mm (1st gen)
APPLE,Watch Sport 38mm (1st gen)
APPLE,iPad Air 2
APPLE,iPad mini 3
APPLE,iPhone 6 Plus
APPLE,iPhone 6
APPLE,iPad Air
APPLE,iPad mini 2
APPLE,iPhone 5s
APPLE,iPhone 5c
APPLE,iPad mini Wi-Fi
APPLE,iPad mini Wi-Fi + Cellular
APPLE,iPad 4 Wi-Fi
APPLE,iPad 4 Wi-Fi + Cellular
APPLE,iPhone 5
APPLE,iPad 3 Wi-Fi + Cellular
APPLE,iPad 3 Wi-Fi
APPLE,iPhone 4s
APPLE,iPad 2 Wi-Fi + 3G
APPLE,iPad 2 Wi-Fi
APPLE,iPad 2 CDMA
APPLE,iPhone 4
APPLE,iPhone 4 CDMA
APPLE,iPad Wi-Fi + 3G
APPLE,iPad Wi-Fi
APPLE,iPhone 3GS
APPLE,iPhone 3G
APPLE,iPhone
GOOGLE,Pixel 5a 5G
GOOGLE,Pixel 5
GOOGLE,Pixel 4a 5G
GOOGLE,Pixel 4a
GOOGLE,Pixel 4 XL
GOOGLE,Pixel 4
GOOGLE,Pixel 3a XL
GOOGLE,Pixel 3a
GOOGLE,Pixel 3 XL
GOOGLE,Pixel 3
GOOGLE,Pixel 2
GOOGLE,Pixel 2 XL
GOOGLE,Pixel XL
GOOGLE,Pixel
GOOGLE,Pixel C
HTC,Wildfire E3
HTC,Desire 21 Pro 5G
HTC,Desire 20+
HTC,Wildfire E1 lite
HTC,Wildfire E2
HTC,Wildfire E1 plus
HTC,Wildfire E1
HTC,Wildfire E
HTC,U20 5G
HTC,Desire 20 Pro
HTC,Wildfire R70
HTC,Desire 19s
HTC,Exodus 1s
HTC,Wildfire X
HTC,U19e
HTC,Desire 19+
HTC,Desire 12s
HTC,Exodus 1
HTC,U12 life
HTC,U12+
HTC,Desire 12+
HTC,Desire 12
HTC,U11 Eyes
HTC,U11+
HTC,U11 Life
HTC,U11
HTC,One X10
HTC,U Ultra
HTC,U Play
HTC,10 evo
HTC,Desire 650
HTC,Desire 10 Pro
HTC,Desire 10 Compact
HTC,One A9s
HTC,Desire 10 Lifestyle
HTC,Desire 728 Ultra
HTC,Desire 628
HTC,One M9 Prime Camera
HTC,Desire 830
HTC,One S9
HTC,10 Lifestyle
HTC,10
HTC,Desire 825
HTC,Desire 630
HTC,Desire 530
HTC,Desire 625
HTC,One X9
HTC,One M9s
HTC,Desire 828 dual sim
HTC,Desire 728 dual sim
HTC,One E9s dual sim
HTC,Butterfly 3
HTC,One M9+ Supreme Camera
HTC,One A9
HTC,Desire 626 (USA)
HTC,Desire 626s
HTC,Desire 526
HTC,Desire 520
HTC,One ME
HTC,Desire 820G+ dual sim
HTC,Desire 326G dual sim
HTC,One M9+
HTC,One M8s
HTC,One E9+
HTC,One E9
HTC,One M9
HTC,Desire 820s dual sim
HTC,Desire 626G+
HTC,Desire 626
HTC,Desire 526G+ dual sim 
HTC,Desire 826 dual sim
HTC,Desire 320
HTC,Desire 620G dual sim
HTC,Desire 620
HTC,Nexus 9
HTC,Desire 816G dual sim
HTC,One (M8 Eye)
HTC,Desire Eye
HTC,Desire 612
HTC,Desire 820q dual sim
HTC,Desire 820 dual sim
HTC,Desire 820
HTC,One (E8) CDMA
HTC,Desire 510
HTC,One (M8) for Windows
HTC,One (M8) for Windows (CDMA)
HTC,Butterfly 2
HTC,One Remix
HTC,One (M8) dual sim
HTC,Desire 516 dual sim
HTC,One (E8)
HTC,One mini 2
HTC,Desire 616 dual sim
HTC,Desire 210 dual sim
HTC,One (M8) CDMA
HTC,One (M8)
HTC,Desire 310 dual sim
HTC,Desire 310
HTC,Desire 816 dual sim
HTC,Desire 816
HTC,Desire 610
HTC,Desire 501 dual sim
HTC,Desire 700
HTC,Desire 700 dual sim
HTC,Desire 601 dual sim
HTC,Desire 501
HTC,One Max
HTC,Desire 300
HTC,Desire 601
HTC,Desire 500
HTC,One mini
HTC,Desire L
HTC,Desire P
HTC,Desire Q
HTC,8XT
HTC,Butterfly S
HTC,Desire 200
HTC,Desire 600 dual sim
HTC,First
HTC,One Dual Sim
HTC,One
HTC,Desire U
HTC,Desire 400 dual sim
HTC,Butterfly
HTC,DROID DNA
HTC,One SV CDMA
HTC,One SV
HTC,Desire SV
HTC,One VX
HTC,One X+
HTC,Windows Phone 8X CDMA
HTC,Windows Phone 8X
HTC,Windows Phone 8S
HTC,One ST
HTC,One SC
HTC,Desire X
HTC,Desire VT
HTC,Desire XC
HTC,Desire VC
HTC,Desire V
HTC,Desire C
HTC,J
HTC,DROID Incredible 4G LTE
HTC,Evo 4G LTE
HTC,One XC
HTC,One X
HTC,One X AT&T
HTC,One XL
HTC,One S C2
HTC,One S
HTC,One V
HTC,Velocity 4G Vodafone
HTC,Velocity 4G
HTC,Titan II
HTC,Rezound
HTC,Vivid
HTC,EVO Design 4G
HTC,Sensation XL
HTC,Explorer
HTC,Amaze 4G
HTC,Raider 4G
HTC,Rhyme
HTC,Hero S
HTC,Rhyme CDMA
HTC,Sensation XE
HTC,Jetstream
HTC,Lead
HTC,Titan
HTC,Radar
HTC,Panache
HTC,Status
HTC,Glacier
HTC,Trophy
HTC,DROID Incredible 2
HTC,Sensation 4G
HTC,EVO 3D
HTC,Sensation
HTC,EVO 3D CDMA
HTC,HD7S
HTC,Prime
HTC,Merge
HTC,Incredible S
HTC,Desire S
HTC,Wildfire S
HTC,Salsa
HTC,ChaCha
HTC,Flyer
HTC,Flyer Wi-Fi
HTC,EVO View 4G
HTC,Inspire 4G
HTC,Freestyle
HTC,ThunderBolt 4G
HTC,EVO Shift 4G
HTC,Gratia
HTC,HD7
HTC,7 Pro
HTC,7 Surround
HTC,7 Mozart
HTC,7 Trophy
HTC,Arrive
HTC,Desire HD
HTC,Desire Z
HTC,Paradise
HTC,Evo 4G+
HTC,Aria
HTC,Wildfire CDMA
HTC,Wildfire
HTC,HD mini
HTC,Desire
HTC,Legend
HTC,Rider
HTC,Google Nexus One
HTC,Smart
HTC,HD2
HTC,Evo 4G
HTC,Droid Incredible
HTC,DROID ERIS
HTC,Pure
HTC,Tattoo
HTC,Touch2
HTC,Hero CDMA
HTC,Hero
HTC,Ozone
HTC,Schubert
HTC,Snap
HTC,Magic
HTC,Touch Pro2 CDMA
HTC,Tilt2
HTC,Touch Pro2
HTC,Touch Diamond2 CDMA
HTC,Touch Diamond2
HTC,Dream
HTC,Touch Cruise 09
HTC,MAX 4G
HTC,Touch HD T8285
HTC,Touch HD
HTC,Touch 3G
HTC,Touch Viva
HTC,S740
HTC,Touch Pro CDMA
HTC,Touch Pro
HTC,Touch Diamond CDMA
HTC,Touch Diamond
HTC,Advantage X7510
HTC,P3470
HTC,Touch Cruise
HTC,Touch Dual
HTC,S730
HTC,P6500
HTC,TyTN II
HTC,S630
HTC,Touch
HTC,P6300
HTC,Shift
HTC,Advantage X7500
HTC,S710
HTC,P3350
HTC,P3400
HTC,P4350
HTC,P3600i
HTC,P3600
HTC,P3300
HTC,S620
HTC,S310
HTC,TyTN
HTC,MTeoR
HTC,One (M8i)
HTC,One M8 Prime
HTC,Tiara
HTC,Primo
HTC,Zeta
HTC,Ville
HTC,Ignite
HTC,Desire HD2
HTC,A12
HUAWEI,nova 9 Pro
HUAWEI,nova 9
HUAWEI,nova 8
HUAWEI,P50 Pro
HUAWEI,P50
HUAWEI,nova 8 SE Youth
HUAWEI,nova 8i
HUAWEI,Mate 40 Pro 4G
HUAWEI,Mate 40E 4G
HUAWEI,Mate X2 4G
HUAWEI,MatePad Pro 12.6 (2021)
HUAWEI,MatePad Pro 10.8 (2021)
HUAWEI,MatePad 11 (2021)
HUAWEI,Watch 3 Pro
HUAWEI,Watch 3
HUAWEI,nova 8 Pro 4G
HUAWEI,Watch Fit Elegant
HUAWEI,Mate 40E
HUAWEI,P40 4G
HUAWEI,Mate X2
HUAWEI,nova 8 Pro 5G
HUAWEI,nova 8 5G
HUAWEI,Enjoy 20 SE
HUAWEI,nova 8 SE
HUAWEI,Mate 40 RS Porsche Design
HUAWEI,Mate 40 Pro+
HUAWEI,Mate 40 Pro
HUAWEI,Mate 40
HUAWEI,Watch GT 2 Porsche Design
HUAWEI,Mate 30E Pro 5G
HUAWEI,nova 7 SE 5G Youth
HUAWEI,Y7a
HUAWEI,P smart 2021
HUAWEI,MatePad 5G
HUAWEI,Watch GT 2 Pro
HUAWEI,Y9a
HUAWEI,Enjoy 20 Plus 5G
HUAWEI,Enjoy 20 5G
HUAWEI,Watch Fit
HUAWEI,MatePad 10.8
HUAWEI,MatePad T 10s
HUAWEI,Enjoy Tablet 2
HUAWEI,Children's Watch 4X
HUAWEI,Enjoy 20 Pro
HUAWEI,Enjoy Z 5G
HUAWEI,P Smart S
HUAWEI,Y8p
HUAWEI,P40 lite 5G
HUAWEI,P30 Pro New Edition
HUAWEI,MatePad T8
HUAWEI,Y8s
HUAWEI,Y6p
HUAWEI,Y5p
HUAWEI,P smart 2020
HUAWEI,nova 7 Pro 5G
HUAWEI,nova 7 5G
HUAWEI,nova 7 SE
HUAWEI,MatePad 10.4
HUAWEI,Watch GT 2e
HUAWEI,Enjoy 10e
HUAWEI,P40 Pro+
HUAWEI,P40 Pro
HUAWEI,P40
HUAWEI,P40 lite E
HUAWEI,P40 lite
HUAWEI,MatePad Pro 10.8 5G (2019)
HUAWEI,Mate Xs
HUAWEI,P30 lite New Edition
HUAWEI,Y7p
HUAWEI,nova 7i
HUAWEI,Y6s (2019)
HUAWEI,P smart Pro 2019
HUAWEI,nova 6 5G
HUAWEI,nova 6
HUAWEI,nova 6 SE
HUAWEI,MatePad Pro 10.8 (2019)
HUAWEI,Mate X
HUAWEI,Y9s
HUAWEI,nova 5z
HUAWEI,Enjoy 10s
HUAWEI,Enjoy 10
HUAWEI,Mate 30 RS Porsche Design
HUAWEI,Mate 30 Pro 5G
HUAWEI,Mate 30 Pro
HUAWEI,Mate 30 5G
HUAWEI,Mate 30
HUAWEI,Watch GT 2
HUAWEI,nova 5i Pro
HUAWEI,Enjoy 10 Plus
HUAWEI,nova 5T
HUAWEI,MediaPad M6 10.8
HUAWEI,MediaPad M6 Turbo 8.4
HUAWEI,MediaPad M6 8.4
HUAWEI,nova 5 Pro
HUAWEI,nova 5
HUAWEI,nova 5i
HUAWEI,Y9 Prime (2019)
HUAWEI,P20 lite (2019)
HUAWEI,P Smart Z
HUAWEI,Mate 20 X (5G)
HUAWEI,P30 Pro
HUAWEI,P30
HUAWEI,P30 lite
HUAWEI,nova 4e
HUAWEI,Y5 (2019)
HUAWEI,Enjoy 9e
HUAWEI,Enjoy 9s
HUAWEI,Y Max
HUAWEI,MediaPad M5 Lite 8
HUAWEI,Y6 Pro (2019)
HUAWEI,Y6 (2019)
HUAWEI,Y7 (2019)
HUAWEI,Y7 Prime (2019)
HUAWEI,Y7 Pro (2019)
HUAWEI,Y5 lite (2018)
HUAWEI,nova 4
HUAWEI,P smart 2019
HUAWEI,Enjoy 9
HUAWEI,Watch Magic
HUAWEI,Watch GT
HUAWEI,Mate 20 RS Porsche Design
HUAWEI,Mate 20 X
HUAWEI,Mate 20 Pro
HUAWEI,Mate 20
HUAWEI,MediaPad T5
HUAWEI,MediaPad M5 lite
HUAWEI,Y9 (2019)
HUAWEI,Mate 20 lite
HUAWEI,P Smart+ 2019
HUAWEI,nova 3i
HUAWEI,nova 3
HUAWEI,Watch 2 2018
HUAWEI,Y5 Prime (2018)
HUAWEI,Y3 (2018)
HUAWEI,Y6 Prime (2018)
HUAWEI,Y6 (2018)
HUAWEI,Mate RS Porsche Design
HUAWEI,P20 Pro
HUAWEI,P20
HUAWEI,P20 lite
HUAWEI,Y7 Pro (2018)
HUAWEI,Y7 Prime (2018)
HUAWEI,Y7 (2018)
HUAWEI,Y9 (2018)
HUAWEI,MediaPad M5 10 (Pro)
HUAWEI,MediaPad M5 10
HUAWEI,MediaPad M5 8
HUAWEI,P smart
HUAWEI,nova 2s
HUAWEI,Mate 10 Porsche Design
HUAWEI,Mate 10 Pro
HUAWEI,Mate 10
HUAWEI,Watch 2 Pro
HUAWEI,Mate 10 Lite
HUAWEI,P9 lite mini
HUAWEI,Y7 Prime
HUAWEI,MediaPad M3 Lite 8
HUAWEI,MediaPad T3 10
HUAWEI,MediaPad M3 Lite 10
HUAWEI,nova 2 plus
HUAWEI,nova 2
HUAWEI,Y6II Compact
HUAWEI,MediaPad T3 8.0
HUAWEI,MediaPad T3 7.0
HUAWEI,Y7
HUAWEI,Y6 (2017)
HUAWEI,Y5 (2017)
HUAWEI,Y3 (2017)
HUAWEI,Watch 2 Classic
HUAWEI,Watch 2
HUAWEI,P10 Plus
HUAWEI,P10
HUAWEI,P10 Lite
HUAWEI,P8 Lite (2017)
HUAWEI,Enjoy 6s
HUAWEI,Mate 9 Pro
HUAWEI,Mate 9 Porsche Design
HUAWEI,Mate 9
HUAWEI,Fit
HUAWEI,Enjoy 6
HUAWEI,MediaPad M3 8.4
HUAWEI,nova plus
HUAWEI,nova
HUAWEI,MediaPad T2 10.0 Pro
HUAWEI,MediaPad T2 7.0 Pro
HUAWEI,MediaPad T2 7.0
HUAWEI,G9 Plus
HUAWEI,MediaPad T1 7.0 Plus
HUAWEI,MediaPad M2 7.0
HUAWEI,Y3II
HUAWEI,Y5II
HUAWEI,P9 lite
HUAWEI,P9 Plus
HUAWEI,P9
HUAWEI,MediaPad M2 10.0
HUAWEI,Watch
HUAWEI,Enjoy 5s
HUAWEI,Mate 8
HUAWEI,G7 Plus
HUAWEI,Y6 Pro
HUAWEI,Nexus 6P
HUAWEI,Mate S
HUAWEI,Y6
HUAWEI,G8
HUAWEI,MediaPad M2 8.0
HUAWEI,Y560
HUAWEI,Y625
HUAWEI,P8lite ALE-L04
HUAWEI,P8lite
HUAWEI,P8max
HUAWEI,P8
HUAWEI,SnapTo
HUAWEI,MediaPad X2
HUAWEI,Y635
HUAWEI,Y360
HUAWEI,Ascend Y540
HUAWEI,Ascend G628
HUAWEI,Ascend Y520
HUAWEI,Ascend Y221
HUAWEI,Ascend GX1
HUAWEI,Ascend Mate7 Monarch
HUAWEI,MediaPad T1 10
HUAWEI,MediaPad T1 8.0
HUAWEI,MediaPad T1 7.0
HUAWEI,Ascend G620s
HUAWEI,Ascend Y550
HUAWEI,Ascend G7
HUAWEI,Ascend P7 Sapphire Edition
HUAWEI,Ascend Mate7
HUAWEI,Ascend G535
HUAWEI,Y300II
HUAWEI,Ascend G630
HUAWEI,Ascend Y330
HUAWEI,Ascend Plus
HUAWEI,Ascend P7
HUAWEI,Ascend P7 mini
HUAWEI,Ascend G730
HUAWEI,Ascend Y600
HUAWEI,MediaPad 10 Link+
HUAWEI,Ascend G6 4G
HUAWEI,Ascend G6
HUAWEI,MediaPad M1
HUAWEI,MediaPad X1
HUAWEI,Ascend Y530
HUAWEI,MediaPad 7 Youth2
HUAWEI,Ascend P6 S
HUAWEI,Ascend Mate2 4G
HUAWEI,Ascend Y320
HUAWEI,Ascend Y220
HUAWEI,Ascend G740
HUAWEI,Ascend Y511
HUAWEI,Ascend W2
HUAWEI,G6153
HUAWEI,G3621L
HUAWEI,Ascend G700
HUAWEI,G610s
HUAWEI,U8687 Cronos
HUAWEI,Ascend G525
HUAWEI,MediaPad 7 Youth
HUAWEI,MediaPad 7 Vogue
HUAWEI,Ascend P6
HUAWEI,Ascend Y300
HUAWEI,Premia 4G M931
HUAWEI,Ascend Y210D
HUAWEI,Ascend P2
HUAWEI,Ascend G615
HUAWEI,Ascend G526
HUAWEI,Ascend G350
HUAWEI,Ascend G312
HUAWEI,Ascend W1
HUAWEI,Ascend Mate
HUAWEI,Ascend D2
HUAWEI,Ascend G510
HUAWEI,Ascend G500
HUAWEI,Ascend Y201 Pro
HUAWEI,MediaPad 10 Link
HUAWEI,Ascend Y
HUAWEI,Summit
HUAWEI,Ascend P1 LTE
HUAWEI,Fusion 2 U8665
HUAWEI,Ascend G600
HUAWEI,Ascend G330
HUAWEI,MediaPad 7 Lite
HUAWEI,Ascend Y100
HUAWEI,Ascend Y200
HUAWEI,Ascend G330D U8825D
HUAWEI,Ascend G300
HUAWEI,Ascend P1 XL U9200E
HUAWEI,Ascend P1
HUAWEI,Ascend Q M5660
HUAWEI,G6005
HUAWEI,G6800
HUAWEI,G6310
HUAWEI,G5000
HUAWEI,Activa 4G
HUAWEI,G5520
HUAWEI,G6609
HUAWEI,Fusion U8652
HUAWEI,MediaPad 10 FHD
HUAWEI,Ascend D1 XL U9500E
HUAWEI,Ascend D1
HUAWEI,Ascend D quad XL
HUAWEI,Ascend D quad
HUAWEI,Ascend P1s
HUAWEI,M886 Mercury
HUAWEI,G7300
HUAWEI,G7005
HUAWEI,MediaPad
HUAWEI,MediaPad S7-301w
HUAWEI,D51 Discovery
HUAWEI,U8520 Duplex
HUAWEI,T8300
HUAWEI,U8350 Boulder
HUAWEI,Impulse 4G
HUAWEI,Pillar
HUAWEI,U8850 Vision
HUAWEI,Ascend II
HUAWEI,U8800 Pro
HUAWEI,G7206
HUAWEI,U5510
HUAWEI,G5500
HUAWEI,G6620
HUAWEI,U8650 Sonic
HUAWEI,U8180 IDEOS X1
HUAWEI,G6608
HUAWEI,G7010
HUAWEI,U5900s
HUAWEI,IDEOS S7 Slim
HUAWEI,IDEOS S7 Slim CDMA
HUAWEI,U9000 IDEOS X6
HUAWEI,U8800 IDEOS X5
HUAWEI,U8510 IDEOS X3
HUAWEI,U8150 IDEOS
HUAWEI,U8500 IDEOS X2
HUAWEI,U7520
HUAWEI,G6150
HUAWEI,G7002
HUAWEI,U8300
HUAWEI,IDEOS S7
HUAWEI,C3200
HUAWEI,U3100
HUAWEI,U8110
HUAWEI,U8100
HUAWEI,U8230
HUAWEI,U8220
HUAWEI,U7510
HUAWEI,U1270
HUAWEI,U9130 Compass
HUAWEI,U1250
HUAWEI,G6600 Passport
HUAWEI,U9150
HUAWEI,U7310
HUAWEI,U121
HUAWEI,U120
HUAWEI,U3300
HUAWEI,U1310
HUAWEI,U1100
HUAWEI,U1000
HUAWEI,T156
HUAWEI,T158
HUAWEI,T208
HUAWEI,T261L
HUAWEI,T211
HUAWEI,T161L
HUAWEI,T330
HUAWEI,T201
HUAWEI,T552
HUAWEI,Mate 30 Lite
HUAWEI,G10
HUAWEI,Mulan
HUAWEI,Ascend W3
LG,W41 Pro
LG,W41+
LG,W41
LG,W31+
LG,W31
LG,W11
LG,K92 5G
LG,K62
LG,Q52
LG,K52
LG,K42
LG,K71
LG,Wing 5G
LG,K22
LG,Q92 5G
LG,Q31
LG,K31
LG,Velvet 5G UW
LG,Q61
LG,Stylo 6
LG,Velvet
LG,Velvet 5G
LG,Folder 2
LG,V60 ThinQ 5G UW
LG,V60 ThinQ 5G
LG,Q51
LG,W10 Alpha
LG,K61
LG,K51S
LG,K41S
LG,G Pad 5 10.1
LG,V50S ThinQ 5G
LG,G8X ThinQ
LG,Q70
LG,K30 (2019)
LG,K20 (2019)
LG,K40S
LG,K50S
LG,W30 Pro
LG,W30
LG,W10
LG,Stylo 5
LG,V50 ThinQ 5G
LG,G8S ThinQ
LG,G8 ThinQ
LG,Q60
LG,K50
LG,K40
LG,Q9
LG,V40 ThinQ
LG,Watch W7
LG,Tribute Empire
LG,Candy
LG,G7 Fit
LG,G7 One
LG,Q8 (2018)
LG,K11 Plus
LG,Q Stylo 4
LG,Q Stylus
LG,V35 ThinQ
LG,Q7
LG,G7 ThinQ
LG,V30S ThinQ
LG,Zone 4
LG,X power 3
LG,K30
LG,K10 (2018)
LG,K8 (2018)
LG,Aristo 2
LG,X4+
LG,V30
LG,Q8 (2017)
LG,Q6
LG,G Pad IV 8.0 FHD
LG,X venture
LG,G6
LG,X power2
LG,Watch Sport
LG,Watch Style
LG,Stylo 3 Plus
LG,Stylus 3
LG,Harmony
LG,K20 plus
LG,K10 (2017)
LG,K8 (2017)
LG,K7 (2017)
LG,K4 (2017)
LG,K3 (2017)
LG,G Pad III 10.1 FHD
LG,U
LG,V20
LG,X Skin
LG,X5
LG,X max
LG,X mach
LG,G Pad III 8.0 FHD
LG,G Pad X 8.0
LG,X power
LG,X style
LG,Stylus 2 Plus
LG,Stylo 2
LG,K5
LG,K3
LG,G5 SE
LG,G5
LG,X cam
LG,X screen
LG,K8
LG,Stylus 2
LG,K10
LG,K7
LG,K4
LG,G Pad II 8.3 LTE
LG,Ray
LG,G Vista 2
LG,G Watch R W110
LG,Watch Urbane W150
LG,Watch Urbane 2nd Edition LTE
LG,V10
LG,Nexus 5X
LG,Zero
LG,G Pad II 10.1
LG,G Pad II 8.0 LTE
LG,Wine Smart
LG,Tribute 2
LG,Bello II
LG,G4 Beat
LG,G360
LG,G350
LG,G4c
LG,G4 Dual
LG,G4
LG,G Stylo
LG,G4 Stylus
LG,AKA
LG,Watch Urbane LTE
LG,G Watch W100
LG,Magna
LG,Spirit
LG,Leon
LG,Joy
LG,G Flex2
LG,Tribute
LG,L Prime
LG,G2 Lite
LG,G3 Dual-LTE
LG,G3 Screen
LG,F60
LG,L60
LG,L60 Dual
LG,G3 Stylus
LG,L Bello
LG,L Fino
LG,G Pad 8.0 LTE
LG,G Vista
LG,G3 A
LG,G Pad 7.0 LTE
LG,L50
LG,L30
LG,L20
LG,G Vista (CDMA)
LG,G3 LTE-A
LG,G3 S Dual
LG,G3 S
LG,L65 D280
LG,G3 (CDMA)
LG,G3
LG,450
LG,L35
LG,Volt
LG,G Pad 10.1 LTE
LG,G Pad 10.1
LG,G Pad 8.0
LG,G Pad 7.0
LG,L80
LG,L80 Dual
LG,Lucid 3 VS876
LG,L65 Dual D285
LG,G Pad 8.3 LTE
LG,F70 D315
LG,G2 mini LTE (Tegra)
LG,G2 mini LTE
LG,G2 mini
LG,L90 Dual D410
LG,L90 D405
LG,L70 D320N
LG,L70 Dual D325
LG,L45 Dual X132
LG,L40 D160
LG,L40 Dual D170
LG,G Pro 2
LG,Optimus L4 II Tri E470
LG,Optimus L1 II Tri E475
LG,Optimus F3Q
LG,GX F310L
LG,Nexus 5
LG,G Flex
LG,Fireweb
LG,G Pro Lite
LG,G Pro Lite Dual
LG,Optimus L2 II E435
LG,Vu 3 F300L
LG,G Pad 8.3
LG,G2
LG,Optimus L9 II
LG,Enact VS890
LG,Optimus GJ E975W
LG,Optimus L4 II Dual E445
LG,Optimus L4 II E440
LG,Optimus Zone VS410
LG,Optimus F3
LG,Lucid2 VS870
LG,Optimus F7
LG,Optimus F6
LG,Optimus F5
LG,Optimus G Pro E985
LG,Optimus L7 II Dual P715
LG,Optimus L7 II P710
LG,Optimus L5 II Dual E455
LG,Optimus L5 II E460
LG,Optimus L3 II Dual E435
LG,Optimus L3 II E430
LG,Optimus L1 II E410
LG,Nexus 4 E960
LG,A390
LG,A395
LG,C299
LG,Tri Chip C333
LG,Spectrum II 4G VS930
LG,Mach LS860
LG,Optimus L9 P769
LG,Optimus Vu II
LG,Optimus Vu II F200
LG,Optimus G E970
LG,Optimus G LS970
LG,Optimus G E975
LG,Intuition VS950
LG,Splendor US730
LG,Escape P870
LG,Optimus L5 Dual E615
LG,Optimus L9 P760
LG,Motion 4G MS770
LG,Optimus Vu P895
LG,Optimus L3 E405
LG,C199
LG,T385
LG,T375 Cookie Smart
LG,Optimus Elite LS696
LG,T370 Cookie Smart
LG,Optimus LTE2
LG,Optimus True HD LTE P936
LG,Xpression C395
LG,Lucid 4G VS840
LG,Optimus M+ MS695
LG,Optimus 4X HD P880
LG,Optimus 3D Max P720
LG,Optimus 3D Cube SU870
LG,Optimus L7 P700
LG,Optimus L5 E610
LG,Optimus Vu F100S
LG,Optimus LTE Tag
LG,Optimus L3 E400
LG,Optimus Pad LTE
LG,Rumor Reflex  LN272
LG,Connect 4G MS840
LG,Viper 4G LTE LS840
LG,Spectrum VS920
LG,X350
LG,Prada 3.0
LG,Nitro HD
LG,Optimus 4G LTE P935
LG,Optimus 2 AS680
LG,Extravert VN271
LG,DoublePlay
LG,Enlighten VS700
LG,S367
LG,Jil Sander Mobile
LG,Optimus Slider
LG,Optimus LTE SU640
LG,Optimus LTE LU6200
LG,Optimus EX SU880
LG,Optimus Q2 LU6500
LG,Optimus Hub E510
LG,Optimus Sol E730
LG,Optimus Net Dual
LG,Optimus Net
LG,Esteem MS910
LG,Marquee LS855
LG,Optimus Black (White version)
LG,Optimus Pro C660
LG,S365
LG,A350
LG,A258
LG,A250
LG,A270
LG,A290
LG,A230
LG,A200
LG,A190
LG,T515 Cookie Duo
LG,T510
LG,T505
LG,EGO T500
LG,EGO Wi-Fi
LG,C375 Cookie Tweet
LG,C365
LG,C360
LG,A100
LG,Optimus Big LU6800
LG,Cosmos 2
LG,US760 Genesis
LG,Phoenix P505
LG,Thrive P506
LG,Thrill 4G P925
LG,T315
LG,Optimus 3D P920
LG,Optimus Pad V900
LG,A180
LG,A165
LG,A160
LG,Optimus Chat C550
LG,A140
LG,Optimus Me P350
LG,Optimus Black P970
LG,Optimus 2X SU660
LG,Optimus 2X
LG,Optimus Mach LU3000
LG,Revolution
LG,X335
LG,C310
LG,Cookie WiFi T310i
LG,GU200
LG,A120
LG,A155
LG,S310
LG,P525
LG,P520
LG,Axis
LG,Apex
LG,Cosmos Touch VN270
LG,Vortex VS660
LG,C320 InTouch Lady
LG,GT550 Encore
LG,GS390 Prime
LG,Quantum
LG,C900 Optimus 7Q 
LG,E900 Optimus 7
LG,Town C300
LG,Optimus Chic E720
LG,Optimus M
LG,Octane
LG,Optimus S
LG,Optimus T
LG,Optimus One P500
LG,GW910
LG,A130
LG,GW370 Rumour Plus
LG,GD550 Pure
LG,KS365
LG,GM650s
LG,Scarlet II TV
LG,Flick T320
LG,Cookie 3G T320
LG,Wink 3G T320
LG,C710 Aloha
LG,Cookie Style T310
LG,Wink Style T310
LG,Cookie Lite T300
LG,C105
LG,GX300
LG,GU292
LG,GM360 Viewty Snap
LG,Fathom VS750
LG,Vu Plus
LG,GT400 Viewty Smile
LG,SU420 Cafe
LG,Optimus Z
LG,SU920
LG,KM570 Cookie Gig
LG,Optimus Q LU2300
LG,GX500
LG,KH3900 Joypop
LG,GT950 Arena
LG,GB280
LG,GS155
LG,GS107
LG,GS106
LG,KP108
LG,GD350
LG,KH5200 Andro-1
LG,GT540 Optimus
LG,GT405
LG,GS290 Cookie Fresh
LG,GW990
LG,GS500 Cookie Plus
LG,GX200
LG,KF305
LG,GW880
LG,GD880 Mini
LG,Etna C330
LG,Wink Plus GT350i
LG,Town GT350
LG,KU2100
LG,GD580 Lollipop
LG,GS200
LG,GS190
LG,GW820 eXpo
LG,GU230 Dimsun
LG,GD710 Shine II
LG,GB160
LG,GU285
LG,8575 Samba
LG,KM555E
LG,GD310 
LG,GD510 Pop
LG,BL20 New Chocolate
LG,CF360
LG,GW620
LG,GM750
LG,BL40 New Chocolate
LG,GW300
LG,GB270
LG,GB190
LG,GB109
LG,GB170
LG,GW550
LG,KB775 Scarlet
LG,GT500 Puccini
LG,GT505
LG,GW520
LG,GD900 Crystal
LG,GC900 Viewty Smart
LG,GB230 Julia
LG,GD330
LG,KS660
LG,GB125
LG,Xenon GR500
LG,GB210
LG,GM200 Brio
LG,KC560
LG,KM900 Arena
LG,GM730 Eigen
LG,KC910i Renoir
LG,GB250
LG,GB220
LG,GB102
LG,KT770
LG,GB130
LG,GM310
LG,GM210
LG,KM330
LG,GB110
LG,GB106
LG,GD910
LG,CT810 Incite
LG,KP152
LG,KS500
LG,KF900 Prada
LG,KC780
LG,KP500 Cookie
LG,KP501 Cookie
LG,KP502 Cookie
LG,KB770
LG,KC910 Renoir
LG,KP270
LG,CB630 Invision
LG,KF311
LG,CP150
LG,KP265
LG,KP260
LG,KP199
LG,KP170
LG,GT365 Neon
LG,Univa E510
LG,KS360
LG,KF390
LG,KF350
LG,KF245
LG,KF240
LG,U370
LG,HB620T
LG,KC550
LG,KF757 Secret
LG,KF750 Secret
LG,KF755 Secret
LG,CU915 Vu
LG,KF700
LG,KF600
LG,KF510
LG,KP320
LG,KT610
LG,KT520
LG,KM710
LG,MG295
LG,KF310
LG,KF300
LG,KM500
LG,KM386
LG,KM380
LG,KM338
LG,KG375
LG,KP235
LG,KP220
LG,KP215
LG,KP210
LG,KP130
LG,KP110
LG,KP105
LG,KP100
LG,KU385
LG,KU380
LG,U960
LG,KG290
LG,KG288
LG,KS20
LG,KU990 Viewty
LG,KE990 Viewty
LG,KE590
LG,KE500
LG,KG280
LG,KG275
LG,MG160
LG,KU580
LG,KE850 Prada
LG,KE970 Shine
LG,KU970 Shine
LG,KE770 Shine
LG,CU720 Shine
LG,KU950
LG,KS10
LG,KU311
LG,Trax CU575
LG,CU500V
LG,CU515
LG,CE110
LG,KU250
LG,KE260
LG,KE800
LG,KE820
LG,KU800
LG,L343i
LG,U830
LG,KP200
LG,L600v
LG,KP202
LG,CU500
LG,U400
LG,U310
LG,U300
LG,KG800
LG,KG810
LG,KE600
LG,KG330
LG,KG320
LG,CG180
LG,KG300
LG,KG200
LG,KG270
LG,KG195
LG,KG920
LG,KU730
LG,U900
LG,V9000
LG,KG245
LG,KG240
LG,KG225
LG,KG220
LG,KG210
LG,KG190
LG,KG130
LG,KG120
LG,KG110
LG,U890
LG,C2600
LG,U8550
LG,M6100
LG,C2500
LG,C1150
LG,S5300
LG,S5200
LG,S5100
LG,S5000
LG,U880
LG,P7200
LG,B2250
LG,B2070
LG,B2050
LG,M4410
LG,M4330
LG,M4300
LG,F3000
LG,F2410
LG,F2250
LG,L342i
LG,L341i
LG,C3400
LG,C3380
LG,C3320
LG,C3310
LG,C3300
LG,U8380
LG,U8360
LG,U8330
LG,U8290
LG,U8210
LG,U8200
LG,U8180
LG,B2150
LG,B2100
LG,B2000
LG,F2400
LG,F1200
LG,F7250
LG,A7150
LG,L5100
LG,C2200
LG,C2100
LG,G1800
LG,G1610
LG,G1700
LG,F2300
LG,F2100
LG,L3100
LG,C3100
LG,G3100
LG,L1100
LG,C1400
LG,C1200
LG,C1100
LG,G1600
LG,T5100
LG,G7200
LG,G7120
LG,U8150
LG,U8138
LG,U8120
LG,U8110
LG,U8100
LG,G7100
LG,G7070
LG,G7050
LG,G7030
LG,G1500
LG,G5500
LG,G5400
LG,G5310
LG,G5300
LG,G8000
LG,G7020
LG,W7020
LG,G7000
LG,W7000
LG,G5200
LG,W5200
LG,G3000
LG,W3000
LG,B1200
LG,LG 510w
LG,LG-600
LG,LG-500
MOTOROLA,G Pure
MOTOROLA,Moto E40
MOTOROLA,Tab G20
MOTOROLA,Moto G60
MOTOROLA,Moto E20
MOTOROLA,Moto G50 5G
MOTOROLA,Edge (2021)
MOTOROLA,Edge 20 Fusion
MOTOROLA,Moto G60S
MOTOROLA,Edge 20 Pro
MOTOROLA,Edge 20
MOTOROLA,Edge 20 Lite
MOTOROLA,one 5G UW ace
MOTOROLA,Defy (2021)
MOTOROLA,Moto G Stylus 5G
MOTOROLA,Moto G20
MOTOROLA,Moto G40 Fusion
MOTOROLA,Moto G100
MOTOROLA,Moto G50
MOTOROLA,Moto G10 Power
MOTOROLA,Moto E7i Power
MOTOROLA,Moto E7 Power
MOTOROLA,Moto G30
MOTOROLA,Moto G10
MOTOROLA,Moto E6i
MOTOROLA,Edge S
MOTOROLA,One 5G Ace
MOTOROLA,Moto G Stylus (2021)
MOTOROLA,Moto G Power (2021)
MOTOROLA,Moto G Play (2021)
MOTOROLA,Moto E7
MOTOROLA,Moto G 5G
MOTOROLA,Moto G9 Power
MOTOROLA,Razr 5G
MOTOROLA,Moto G9 Plus
MOTOROLA,Moto E7 Plus
MOTOROLA,One 5G UW
MOTOROLA,One 5G
MOTOROLA,Moto G9 Play
MOTOROLA,Moto G9 (India)
MOTOROLA,Moto G 5G Plus
MOTOROLA,One Fusion
MOTOROLA,One Fusion+
MOTOROLA,One Vision Plus
MOTOROLA,Moto G Fast
MOTOROLA,Moto E (2020)
MOTOROLA,Moto G Pro
MOTOROLA,Edge+
MOTOROLA,Edge
MOTOROLA,Moto G8 Power Lite
MOTOROLA,Moto E6s (2020)
MOTOROLA,Moto G8
MOTOROLA,Moto G Stylus
MOTOROLA,Moto G Power
MOTOROLA,Moto G8 Power
MOTOROLA,One Hyper
MOTOROLA,Razr 2019
MOTOROLA,Moto G8 Play
MOTOROLA,Moto E6 Play
MOTOROLA,Moto G8 Plus
MOTOROLA,One Macro
MOTOROLA,Moto E6 Plus
MOTOROLA,One Zoom
MOTOROLA,One Action
MOTOROLA,Moto E6
MOTOROLA,Moto Z4
MOTOROLA,One Vision
MOTOROLA,Moto G7 Plus
MOTOROLA,Moto G7
MOTOROLA,Moto G7 Power
MOTOROLA,Moto G7 Play
MOTOROLA,One (P30 Play)
MOTOROLA,One Power (P30 Note)
MOTOROLA,Moto Z3
MOTOROLA,Moto Z3 Play
MOTOROLA,Moto E5 Cruise
MOTOROLA,Moto E5 Play Go
MOTOROLA,Moto E5 Play
MOTOROLA,Moto E5 Plus
MOTOROLA,Moto E5
MOTOROLA,P30
MOTOROLA,Moto G6 Play
MOTOROLA,Moto G6 Plus
MOTOROLA,Moto G6
MOTOROLA,Moto X5
MOTOROLA,Moto X4
MOTOROLA,Moto G5S Plus
MOTOROLA,Moto G5S
MOTOROLA,Moto Z2 Force
MOTOROLA,Moto E4 Plus
MOTOROLA,Moto E4 Plus (USA)
MOTOROLA,Moto E4
MOTOROLA,Moto E4 (USA)
MOTOROLA,Moto Z2 Play
MOTOROLA,Moto C Plus
MOTOROLA,Moto C
MOTOROLA,Moto G5 Plus
MOTOROLA,Moto G5
MOTOROLA,Moto M
MOTOROLA,Moto E3 Power
MOTOROLA,Moto Z Play
MOTOROLA,Moto E3
MOTOROLA,Moto Z Force
MOTOROLA,Moto Z
MOTOROLA,Moto G4 Plus
MOTOROLA,Moto G4
MOTOROLA,Moto G4 Play
MOTOROLA,Moto G Turbo
MOTOROLA,Moto X Force
MOTOROLA,Droid Turbo 2
MOTOROLA,Droid Maxx 2
MOTOROLA,Moto X Style
MOTOROLA,Moto X Play Dual SIM
MOTOROLA,Moto X Play
MOTOROLA,Moto G Dual SIM (3rd gen)
MOTOROLA,Moto 360 Sport (1st gen)
MOTOROLA,Moto 360 42mm (2nd gen)
MOTOROLA,Moto 360 46mm (2nd gen)
MOTOROLA,Moto 360 (1st gen)
MOTOROLA,Moto G (3rd gen)
MOTOROLA,Moto E Dual SIM (2nd gen)
MOTOROLA,Moto E (2nd gen)
MOTOROLA,Moto G 4G (2nd gen)
MOTOROLA,Moto G 4G Dual SIM (2nd gen)
MOTOROLA,Moto Maxx
MOTOROLA,DROID Turbo
MOTOROLA,Nexus 6
MOTOROLA,Moto X (2nd Gen)
MOTOROLA,Moto G Dual SIM (2nd gen)
MOTOROLA,Moto G (2nd gen)
MOTOROLA,Moto G 4G
MOTOROLA,Luge
MOTOROLA,Moto E
MOTOROLA,Moto E Dual SIM
MOTOROLA,Moto G Dual SIM
MOTOROLA,Moto G
MOTOROLA,Moto X
MOTOROLA,DROID Ultra
MOTOROLA,DROID Maxx
MOTOROLA,DROID Mini
MOTOROLA,RAZR D3 XT919
MOTOROLA,RAZR D1
MOTOROLA,Electrify M XT905
MOTOROLA,RAZR i XT890
MOTOROLA,DROID RAZR MAXX HD
MOTOROLA,DROID RAZR HD
MOTOROLA,RAZR HD XT925
MOTOROLA,DROID RAZR M
MOTOROLA,RAZR M XT905
MOTOROLA,DEFY XT XT556
MOTOROLA,Electrify 2 XT881
MOTOROLA,Photon Q 4G LTE XT897
MOTOROLA,Defy Pro XT560
MOTOROLA,ATRIX HD MB886
MOTOROLA,XT760
MOTOROLA,ATRIX TV XT687
MOTOROLA,ATRIX TV XT682
MOTOROLA,MotoGO TV EX440
MOTOROLA,Motosmart Me XT303
MOTOROLA,MOTOKEY 3-CHIP EX117
MOTOROLA,RAZR V XT885
MOTOROLA,RAZR V XT889
MOTOROLA,RAZR V MT887
MOTOROLA,MOTOSMART MIX XT550
MOTOROLA,MotoGO EX430
MOTOROLA,Motosmart Flip XT611
MOTOROLA,XT390
MOTOROLA,RAZR MAXX
MOTOROLA,DEFY XT535
MOTOROLA,GLEAM+ WX308
MOTOROLA,DROID 4 XT894
MOTOROLA,DROID RAZR MAXX
MOTOROLA,Motoluxe MT680
MOTOROLA,Motoluxe XT389
MOTOROLA,Motoluxe
MOTOROLA,Defy Mini XT321
MOTOROLA,Defy Mini XT320
MOTOROLA,XT319
MOTOROLA,WX306
MOTOROLA,Fire
MOTOROLA,MT917
MOTOROLA,XT928
MOTOROLA,DROID XYBOARD 8.2 MZ609 
MOTOROLA,DROID XYBOARD 10.1 MZ617
MOTOROLA,XT532
MOTOROLA,MOTO XT615
MOTOROLA,EX226
MOTOROLA,Motokey Social
MOTOROLA,XOOM 2 Media Edition 3G MZ608
MOTOROLA,XOOM 2 Media Edition MZ607
MOTOROLA,XOOM 2 3G MZ616
MOTOROLA,XOOM 2 MZ615
MOTOROLA,XOOM Media Edition MZ505
MOTOROLA,RAZR XT910
MOTOROLA,DROID RAZR XT912
MOTOROLA,ATRIX 2 MB865
MOTOROLA,Admiral XT603
MOTOROLA,ME632
MOTOROLA,PRO+
MOTOROLA,DEFY+
MOTOROLA,EX212
MOTOROLA,EX119
MOTOROLA,MOTOKEY XT EX118
MOTOROLA,MOTOKEY Mini EX109
MOTOROLA,MOTOKEY Mini EX108
MOTOROLA,WX294
MOTOROLA,FIRE XT
MOTOROLA,FIRE XT311
MOTOROLA,SPICE Key XT317
MOTOROLA,SPICE Key
MOTOROLA,MILESTONE 3 XT860
MOTOROLA,DROID 3
MOTOROLA,Triumph
MOTOROLA,Photon 4G MB855
MOTOROLA,EX232
MOTOROLA,WILDER
MOTOROLA,MOTO MT870
MOTOROLA,MOTO MT620
MOTOROLA,Milestone XT883
MOTOROLA,MOTO XT882
MOTOROLA,MOTO XT316
MOTOROLA,XPRT MB612
MOTOROLA,GLEAM
MOTOROLA,PRO
MOTOROLA,XOOM MZ604
MOTOROLA,XOOM MZ601
MOTOROLA,XOOM MZ600
MOTOROLA,ATRIX
MOTOROLA,ATRIX 4G
MOTOROLA,Cliq 2
MOTOROLA,DROID BIONIC XT875
MOTOROLA,DROID BIONIC XT865
MOTOROLA,DROID X ME811
MOTOROLA,MOTO ME525
MOTOROLA,MILESTONE 2 ME722
MOTOROLA,DROID 2 Global
MOTOROLA,EX122
MOTOROLA,EX128
MOTOROLA,MOTOTV EX245
MOTOROLA,DROID PRO XT610
MOTOROLA,XT301
MOTOROLA,SPICE XT300
MOTOROLA,FLIPSIDE MB508
MOTOROLA,MOTO MT716
MOTOROLA,BRAVO MB520
MOTOROLA,CITRUS WX445
MOTOROLA,EX300
MOTOROLA,EX210
MOTOROLA,EX201
MOTOROLA,EX115
MOTOROLA,EX112
MOTOROLA,CUPE
MOTOROLA,DEFY
MOTOROLA,MILESTONE 2
MOTOROLA,DROID 2
MOTOROLA,MT810lx
MOTOROLA,XT810
MOTOROLA,XT806
MOTOROLA,A1260
MOTOROLA,A1680
MOTOROLA,Grasp WX404
MOTOROLA,Rambler
MOTOROLA,CHARM
MOTOROLA,ES400
MOTOROLA,DROID X2
MOTOROLA,DROID X
MOTOROLA,MILESTONE XT720
MOTOROLA,XT720 MOTOROI
MOTOROLA,Quench XT5 XT502
MOTOROLA,Quench XT3 XT502
MOTOROLA,WX295
MOTOROLA,FlipOut
MOTOROLA,WX290
MOTOROLA,WX265
MOTOROLA,WX260
MOTOROLA,WX181
MOTOROLA,WX161
MOTOROLA,QUENCH
MOTOROLA,BACKFLIP
MOTOROLA,XT800 ZHISHANG
MOTOROLA,XT701
MOTOROLA,MT710 ZHILING
MOTOROLA,MOTO XT702
MOTOROLA,MILESTONE
MOTOROLA,WX395
MOTOROLA,WX390
MOTOROLA,WX288
MOTOROLA,WX280
MOTOROLA,WX180
MOTOROLA,WX160
MOTOROLA,Motocubo A45
MOTOROLA,DEXT MB220
MOTOROLA,ROKR ZN50
MOTOROLA,Karma QA1
MOTOROLA,L800t
MOTOROLA,W7 Active Edition
MOTOROLA,ROKR W6
MOTOROLA,MC55
MOTOROLA,ZN300
MOTOROLA,E11
MOTOROLA,A3100
MOTOROLA,A3000
MOTOROLA,Tundra VA76r
MOTOROLA,W233 Renew
MOTOROLA,COCKTAIL VE70
MOTOROLA,VE66
MOTOROLA,EM35
MOTOROLA,Aura
MOTOROLA,Q 11
MOTOROLA,VE538
MOTOROLA,RAZR2 V9x
MOTOROLA,ZN200
MOTOROLA,W396
MOTOROLA,W231
MOTOROLA,EM30
MOTOROLA,EM28
MOTOROLA,EM25
MOTOROLA,PEBL VU20
MOTOROLA,MOTOACTV W450
MOTOROLA,VE75
MOTOROLA,ZN5
MOTOROLA,A1210
MOTOROLA,A1600
MOTOROLA,A1890
MOTOROLA,A1800
MOTOROLA,A810
MOTOROLA,W388
MOTOROLA,Z9
MOTOROLA,Z6w
MOTOROLA,Z6c
MOTOROLA,W181
MOTOROLA,W177
MOTOROLA,W161
MOTOROLA,W270
MOTOROLA,W230
MOTOROLA,RIZR Z10
MOTOROLA,ROKR E8
MOTOROLA,W377
MOTOROLA,W213
MOTOROLA,W180
MOTOROLA,W160
MOTOROLA,U9
MOTOROLA,V1100
MOTOROLA,PEBL U3
MOTOROLA,RAZR2 V9
MOTOROLA,RAZR2 V8
MOTOROLA,ROKR W5
MOTOROLA,W490
MOTOROLA,W395
MOTOROLA,W380
MOTOROLA,W360
MOTOROLA,W218
MOTOROLA,RIZR Z8
MOTOROLA,KRZR K3
MOTOROLA,SLVR L9
MOTOROLA,Q 9h
MOTOROLA,Q8
MOTOROLA,W510
MOTOROLA,W215
MOTOROLA,W205
MOTOROLA,ROKR Z6
MOTOROLA,ROKR E6
MOTOROLA,SLVR L7e
MOTOROLA,RAZR maxx V6
MOTOROLA,RAZR V3xx
MOTOROLA,RIZR Z3
MOTOROLA,KRZR K1
MOTOROLA,W209
MOTOROLA,W375
MOTOROLA,W208
MOTOROLA,MOTOFONE F3
MOTOROLA,W220
MOTOROLA,V195
MOTOROLA,V191
MOTOROLA,ROKR E2
MOTOROLA,RAZR V3i
MOTOROLA,ROKR E1
MOTOROLA,A910
MOTOROLA,A1200
MOTOROLA,A728
MOTOROLA,A732
MOTOROLA,E895
MOTOROLA,V3x
MOTOROLA,E1070
MOTOROLA,E770
MOTOROLA,SLVR L7
MOTOROLA,PEBL U6
MOTOROLA,A1010
MOTOROLA,E1060
MOTOROLA,E1120
MOTOROLA,V1050
MOTOROLA,C261
MOTOROLA,C257
MOTOROLA,C168
MOTOROLA,C139
MOTOROLA,C123
MOTOROLA,C118
MOTOROLA,C117
MOTOROLA,C113a
MOTOROLA,C113
MOTOROLA,C390
MOTOROLA,E680i
MOTOROLA,V560
MOTOROLA,V557
MOTOROLA,V361
MOTOROLA,V360
MOTOROLA,L6
MOTOROLA,L2
MOTOROLA,V235
MOTOROLA,V230
MOTOROLA,V186
MOTOROLA,V176
MOTOROLA,E378i
MOTOROLA,V635
MOTOROLA,A668
MOTOROLA,V980
MOTOROLA,C980
MOTOROLA,V535
MOTOROLA,V547
MOTOROLA,E375
MOTOROLA,RAZR V3
MOTOROLA,Droid Bionic Targa
MOTOROLA,Droid XTreme
MOTOROLA,A780
MOTOROLA,V975
MOTOROLA,C975
MOTOROLA,V620
MOTOROLA,V555
MOTOROLA,A840
MOTOROLA,E680
MOTOROLA,E398
MOTOROLA,C650
MOTOROLA,V226
MOTOROLA,V188
MOTOROLA,V171
MOTOROLA,C155
MOTOROLA,C116
MOTOROLA,C115
MOTOROLA,MPx
MOTOROLA,MPx220
MOTOROLA,MPx100
MOTOROLA,V872
MOTOROLA,V1000
MOTOROLA,E1000
MOTOROLA,A1000
MOTOROLA,A768i
MOTOROLA,A630
MOTOROLA,C380/C385
MOTOROLA,V80
MOTOROLA,C289
MOTOROLA,C205
MOTOROLA,V400p
MOTOROLA,V220
MOTOROLA,V180
MOTOROLA,V878
MOTOROLA,A925
MOTOROLA,A920
MOTOROLA,V750
MOTOROLA,MPx200
MOTOROLA,V690
MOTOROLA,V525
MOTOROLA,V501
MOTOROLA,V500
MOTOROLA,V303
MOTOROLA,V300
MOTOROLA,V600
MOTOROLA,V150
MOTOROLA,E390
MOTOROLA,C550
MOTOROLA,C450
MOTOROLA,C250
MOTOROLA,C230
MOTOROLA,C200
MOTOROLA,A835
MOTOROLA,A830
MOTOROLA,A760
MOTOROLA,V295
MOTOROLA,V291
MOTOROLA,V290
MOTOROLA,A388c
MOTOROLA,C350
MOTOROLA,T725
MOTOROLA,T720i
MOTOROLA,T720
MOTOROLA,T190
MOTOROLA,E380
MOTOROLA,E365
MOTOROLA,E360
MOTOROLA,V70
MOTOROLA,C336
MOTOROLA,C333
MOTOROLA,C332
MOTOROLA,C331
MOTOROLA,C300
MOTOROLA,V60i
MOTOROLA,V66i
MOTOROLA,Accompli 388
MOTOROLA,V60
MOTOROLA,Accompli 008
MOTOROLA,Timeport 280
MOTOROLA,Timeport 260
MOTOROLA,Timeport 250
MOTOROLA,Talkabout T192
MOTOROLA,Talkabout T191
MOTOROLA,Accompli 009
MOTOROLA,V.box(V100)
MOTOROLA,V66
MOTOROLA,V50
MOTOROLA,T180
MOTOROLA,A6188
MOTOROLA,v8088
MOTOROLA,Talkabout T2288
MOTOROLA,V2288
MOTOROLA,Timeport P7389
MOTOROLA,Timeport L7089
MOTOROLA,V3690
MOTOROLA,V3688
MOTOROLA,StarTAC 130
MOTOROLA,StarTAC 85
MOTOROLA,StarTAC Rainbow
MOTOROLA,StarTAC 75+
MOTOROLA,StarTAC 75
MOTOROLA,SlimLite
MOTOROLA,cd930
MOTOROLA,cd920
MOTOROLA,M3188
MOTOROLA,M3288
MOTOROLA,M3588
MOTOROLA,M3688
MOTOROLA,M3788
MOTOROLA,M3888
MOTOROLA,d520
MOTOROLA,Moto Z4 Force
MOTOROLA,Moto Z4 Play
MOTOROLA,P40
NOKIA,T20
NOKIA,G50
NOKIA,XR20
NOKIA,C30
NOKIA,6310 (2021)
NOKIA,C1 2nd Edition
NOKIA,110 4G
NOKIA,105 4G
NOKIA,C20 Plus
NOKIA,C01 Plus
NOKIA,X20
NOKIA,X10
NOKIA,G20
NOKIA,G10
NOKIA,C20
NOKIA,C10
NOKIA,1.4
NOKIA,5.4
NOKIA,C1 Plus
NOKIA,8000 4G
NOKIA,6300 4G
NOKIA,8 V 5G UW
NOKIA,2 V Tella
NOKIA,225 4G
NOKIA,215 4G
NOKIA,3.4
NOKIA,2.4
NOKIA,C3
NOKIA,C5 Endi
NOKIA,C2 Tennen
NOKIA,C2 Tava
NOKIA,150 (2020)
NOKIA,125
NOKIA,8.3 5G
NOKIA,5.3
NOKIA,1.3
NOKIA,5310 (2020)
NOKIA,C2
NOKIA,C1
NOKIA,2.3
NOKIA,7.2
NOKIA,6.2
NOKIA,800 Tough
NOKIA,2720 V Flip
NOKIA,2720 Flip
NOKIA,220 4G
NOKIA,110 (2019)
NOKIA,105 (2019)
NOKIA,3.1 C
NOKIA,3.1 A
NOKIA,2.2
NOKIA,X71
NOKIA,9 PureView
NOKIA,4.2
NOKIA,3 V
NOKIA,3.2
NOKIA,1 Plus
NOKIA,210
NOKIA,8.1 (Nokia X7)
NOKIA,106 (2018)
NOKIA,3.1 Plus
NOKIA,7.1
NOKIA,6.1 Plus (Nokia X6)
NOKIA,5.1 Plus (Nokia X5)
NOKIA,5.1
NOKIA,3.1
NOKIA,2.1
NOKIA,8110 4G
NOKIA,8 Sirocco
NOKIA,7 plus
NOKIA,6.1
NOKIA,1
NOKIA,3310 4G
NOKIA,2
NOKIA,7
NOKIA,3310 3G
NOKIA,8
NOKIA,105 (2017)
NOKIA,130 (2017)
NOKIA,3
NOKIA,5
NOKIA,6
NOKIA,3310 (2017)
NOKIA,150
NOKIA,216
NOKIA,230 Dual SIM
NOKIA,230
NOKIA,222 Dual SIM
NOKIA,222
NOKIA,105 Dual SIM (2015)
NOKIA,105 (2015)
NOKIA,215
NOKIA,215 Dual SIM
NOKIA,Lumia 638
NOKIA,N1
NOKIA,Lumia 730 Dual SIM
NOKIA,Lumia 735
NOKIA,Lumia 830
NOKIA,130 Dual SIM
NOKIA,130
NOKIA,Lumia 530 Dual SIM
NOKIA,Lumia 530
NOKIA,X2 Dual SIM
NOKIA,225
NOKIA,225 Dual SIM
NOKIA,Lumia 930
NOKIA,Lumia 635
NOKIA,Lumia 630 Dual SIM
NOKIA,Lumia 630
NOKIA,XL
NOKIA,X+
NOKIA,X
NOKIA,Asha 230
NOKIA,220
NOKIA,Lumia Icon
NOKIA,Lumia 525
NOKIA,Lumia 1520
NOKIA,Lumia 1320
NOKIA,Lumia 2520
NOKIA,Asha 503 Dual SIM
NOKIA,Asha 503
NOKIA,Asha 502 Dual SIM
NOKIA,Asha 500 Dual SIM
NOKIA,Asha 500
NOKIA,108 Dual SIM
NOKIA,515
NOKIA,107 Dual SIM
NOKIA,106
NOKIA,Lumia 625
NOKIA,Lumia 1020
NOKIA,208
NOKIA,207
NOKIA,Lumia 925
NOKIA,Lumia 928
NOKIA,Asha 501
NOKIA,Asha 210
NOKIA,Lumia 720
NOKIA,Lumia 520
NOKIA,301
NOKIA,105
NOKIA,Asha 310
NOKIA,Lumia 505
NOKIA,Lumia 620
NOKIA,114
NOKIA,206
NOKIA,Asha 205
NOKIA,109
NOKIA,Lumia 822
NOKIA,Lumia 510
NOKIA,Lumia 810
NOKIA,Asha 309
NOKIA,Asha 308
NOKIA,Lumia 920
NOKIA,Lumia 820
NOKIA,Asha 311
NOKIA,Asha 306
NOKIA,Asha 305
NOKIA,113
NOKIA,112
NOKIA,111
NOKIA,110
NOKIA,Lumia 610 NFC
NOKIA,103
NOKIA,808 PureView
NOKIA,800c
NOKIA,Lumia 610
NOKIA,Asha 302
NOKIA,Asha 203
NOKIA,Asha 202
NOKIA,Lumia 900
NOKIA,Lumia 900 AT&T
NOKIA,801T
NOKIA,X2-02
NOKIA,Lumia 800
NOKIA,Lumia 710 T-Mobile
NOKIA,Lumia 710
NOKIA,Asha 303
NOKIA,Asha 300
NOKIA,Asha 201
NOKIA,Asha 200
NOKIA,603
NOKIA,C2-05
NOKIA,X2-05
NOKIA,C5-06
NOKIA,C5-05
NOKIA,C5-04
NOKIA,101
NOKIA,100
NOKIA,701
NOKIA,700
NOKIA,600
NOKIA,C3-01 Gold Edition
NOKIA,500
NOKIA,N9
NOKIA,C5 5MP
NOKIA,C2-06
NOKIA,C2-03
NOKIA,C2-02
NOKIA,702T
NOKIA,T7
NOKIA,N950
NOKIA,Oro
NOKIA,X1-01
NOKIA,X7-00
NOKIA,E6
NOKIA,C7 Astound
NOKIA,X1-00
NOKIA,X2-01
NOKIA,C2-01
NOKIA,C5-03
NOKIA,E7
NOKIA,C6-01
NOKIA,C7
NOKIA,C3-01 Touch and Type
NOKIA,5250
NOKIA,X3 Touch and Type S
NOKIA,X3-02 Touch and Type
NOKIA,X6 8GB (2010)
NOKIA,X5-01
NOKIA,5233
NOKIA,E73 Mode
NOKIA,C2-00
NOKIA,C1-02
NOKIA,C1-01
NOKIA,C1-00
NOKIA,N8
NOKIA,X2-00
NOKIA,C6
NOKIA,E5
NOKIA,C3 (2010)
NOKIA,C5
NOKIA,C5 TD-SCDMA
NOKIA,X5 TD-SCDMA
NOKIA,6303i classic
NOKIA,5132 XpressMusic
NOKIA,X6 16GB (2010)
NOKIA,2710 Navigation Edition
NOKIA,X6 (2009)
NOKIA,6700 slide
NOKIA,7230
NOKIA,5330 Mobile TV Edition
NOKIA,2690
NOKIA,2220 slide
NOKIA,1800
NOKIA,1616
NOKIA,1280
NOKIA,5235 Comes With Music
NOKIA,6788
NOKIA,N97 mini
NOKIA,X3
NOKIA,N900
NOKIA,5230
NOKIA,3208c
NOKIA,5800 Navigation Edition
NOKIA,6350
NOKIA,Mural
NOKIA,6760 slide
NOKIA,6790 Surge
NOKIA,3720 classic
NOKIA,5530 XpressMusic
NOKIA,E72
NOKIA,3710 fold
NOKIA,6730 classic
NOKIA,6600i slide
NOKIA,7020
NOKIA,2720 fold
NOKIA,2730 classic
NOKIA,E52
NOKIA,6216 classic
NOKIA,5730 XpressMusic
NOKIA,5330 XpressMusic
NOKIA,5030 XpressRadio
NOKIA,N86 8MP
NOKIA,E75
NOKIA,E55
NOKIA,6720 classic
NOKIA,6710 Navigator
NOKIA,5630 XpressMusic
NOKIA,6700 classic
NOKIA,6303 classic
NOKIA,2700 classic
NOKIA,6208c
NOKIA,8800 Gold Arte
NOKIA,N97
NOKIA,6260 slide
NOKIA,E63
NOKIA,7100 Supernova
NOKIA,5130 XpressMusic
NOKIA,2330 classic
NOKIA,2323 classic
NOKIA,1662
NOKIA,1661
NOKIA,1202
NOKIA,5800 XpressMusic
NOKIA,N85
NOKIA,N79
NOKIA,8800 Carbon Arte
NOKIA,3610 fold
NOKIA,7610 Supernova
NOKIA,7510 Supernova
NOKIA,7310 Supernova
NOKIA,7210 Supernova
NOKIA,E71
NOKIA,E66
NOKIA,703
NOKIA,6600 fold
NOKIA,6600 slide
NOKIA,3600 slide
NOKIA,5320 XpressMusic
NOKIA,5220 XpressMusic
NOKIA,6212 classic
NOKIA,5000
NOKIA,7070 Prism
NOKIA,2680 slide
NOKIA,1680 classic
NOKIA,6300i
NOKIA,N96
NOKIA,N78
NOKIA,6220 classic
NOKIA,6210 Navigator
NOKIA,6124 classic
NOKIA,6650 fold
NOKIA,3555
NOKIA,3120 classic
NOKIA,7900 Crystal Prism
NOKIA,2600 classic
NOKIA,1209
NOKIA,3110 Evolve
NOKIA,N82
NOKIA,8800 Sapphire Arte
NOKIA,8800 Arte
NOKIA,6301
NOKIA,E51
NOKIA,E51 camera-free
NOKIA,6263
NOKIA,N81 8GB
NOKIA,N81
NOKIA,N95 8GB
NOKIA,5610 XpressMusic
NOKIA,5310 XpressMusic
NOKIA,6555
NOKIA,7900 Prism
NOKIA,7500 Prism
NOKIA,8600 Luna
NOKIA,6500 slide
NOKIA,6500 classic
NOKIA,N810
NOKIA,3500 classic
NOKIA,N87
NOKIA,2630
NOKIA,6267
NOKIA,2760
NOKIA,2660
NOKIA,1650
NOKIA,1208
NOKIA,1200
NOKIA,6120 classic
NOKIA,6121 classic
NOKIA,5700
NOKIA,5070
NOKIA,E90
NOKIA,E65
NOKIA,E61i
NOKIA,N77
NOKIA,6110 Navigator
NOKIA,N800
NOKIA,3109 classic
NOKIA,3110 classic
NOKIA,N76
NOKIA,N93i
NOKIA,6290
NOKIA,6086
NOKIA,6300
NOKIA,2626
NOKIA,N95
NOKIA,N75
NOKIA,5300
NOKIA,5200
NOKIA,6288
NOKIA,6085
NOKIA,8800 Sirocco
NOKIA,7390
NOKIA,7373
NOKIA,6151
NOKIA,6080
NOKIA,1110i
NOKIA,E50
NOKIA,5500 Sport
NOKIA,N93
NOKIA,N73
NOKIA,N72
NOKIA,2610
NOKIA,2310
NOKIA,1112
NOKIA,6136
NOKIA,6133
NOKIA,6131 NFC
NOKIA,6131
NOKIA,6126
NOKIA,6070
NOKIA,6125
NOKIA,6103
NOKIA,6233
NOKIA,6234
NOKIA,6282
NOKIA,9300i
NOKIA,N92
NOKIA,N80
NOKIA,N71
NOKIA,7380
NOKIA,7370
NOKIA,7360
NOKIA,E70
NOKIA,E62
NOKIA,E61
NOKIA,E60
NOKIA,3250
NOKIA,6708
NOKIA,6280
NOKIA,6270
NOKIA,6111
NOKIA,6060
NOKIA,N91
NOKIA,N90
NOKIA,N70
NOKIA,2652
NOKIA,1600
NOKIA,1110
NOKIA,1101
NOKIA,5140i
NOKIA,8800
NOKIA,6230i
NOKIA,6021
NOKIA,6030
NOKIA,6680
NOKIA,6681
NOKIA,6101
NOKIA,6822
NOKIA,7710
NOKIA,6020
NOKIA,3230
NOKIA,6670
NOKIA,7280
NOKIA,7270
NOKIA,7260
NOKIA,9300
NOKIA,6630
NOKIA,6260
NOKIA,6170
NOKIA,3128
NOKIA,2650
NOKIA,2600
NOKIA,3220
NOKIA,N-Gage QD
NOKIA,3120
NOKIA,7610
NOKIA,9500
NOKIA,5140
NOKIA,6610i
NOKIA,3108
NOKIA,7700
NOKIA,7200
NOKIA,6230
NOKIA,6820
NOKIA,6810
NOKIA,3660
NOKIA,7600
NOKIA,3200
NOKIA,2300
NOKIA,1100
NOKIA,6620
NOKIA,6600
NOKIA,3100
NOKIA,7250i
NOKIA,6108
NOKIA,6220
NOKIA,3300
NOKIA,N-Gage
NOKIA,7250
NOKIA,8910i
NOKIA,6800
NOKIA,6100
NOKIA,5100
NOKIA,2100
NOKIA,6650
NOKIA,3650
NOKIA,3530
NOKIA,3510i
NOKIA,6610
NOKIA,3610
NOKIA,9210i Communicator
NOKIA,7210
NOKIA,6310i
NOKIA,3510
NOKIA,3410
NOKIA,7650
NOKIA,8910
NOKIA,6510
NOKIA,6500
NOKIA,8855
NOKIA,5210
NOKIA,5510
NOKIA,8310
NOKIA,6310
NOKIA,3350
NOKIA,3330
NOKIA,8250
NOKIA,9210 Communicator
NOKIA,3310
NOKIA,8890
NOKIA,8210
NOKIA,8850
NOKIA,8810
NOKIA,6250
NOKIA,6210
NOKIA,7110
NOKIA,9110i Communicator
NOKIA,9000 Communicator
NOKIA,3210
NOKIA,6150
OPPO,A55
OPPO,F19s
OPPO,K9 Pro
OPPO,Reno6 Pro 5G (Snapdragon)
OPPO,Reno6
OPPO,Watch 2
OPPO,Reno6 Z
OPPO,A16
OPPO,Reno6 Pro+ 5G
OPPO,Reno6 Pro 5G
OPPO,Reno6 5G
OPPO,K9
OPPO,A53s 5G
OPPO,A95 5G
OPPO,A94 5G
OPPO,A35
OPPO,Reno5 Z
OPPO,A54 5G
OPPO,A74 5G
OPPO,A74
OPPO,F19
OPPO,A54
OPPO,Find X3 Pro
OPPO,Find X3
OPPO,Find X3 Neo
OPPO,Find X3 Lite
OPPO,F19 Pro+ 5G
OPPO,F19 Pro
OPPO,Reno5 Lite
OPPO,A94
OPPO,Reno5 F
OPPO,Reno5 K
OPPO,A55 5G
OPPO,A93s 5G
OPPO,A93 5G
OPPO,A15s
OPPO,Reno5 4G
OPPO,Reno5 Pro+ 5G
OPPO,A53 5G
OPPO,Reno5 Pro 5G
OPPO,Reno5 5G
OPPO,A73 5G
OPPO,Reno4 F
OPPO,A15
OPPO,A53s
OPPO,A73
OPPO,A93
OPPO,Reno4 Z 5G
OPPO,Reno4 Lite
OPPO,A33 (2020)
OPPO,Reno4 SE
OPPO,F17 Pro
OPPO,F17
OPPO,A32
OPPO,A53
OPPO,Watch
OPPO,K7x
OPPO,Reno4 Pro
OPPO,Reno4
OPPO,A72 5G
OPPO,A12s
OPPO,Reno4 Pro 5G
OPPO,Reno4 5G
OPPO,A92
OPPO,Find X2 Neo
OPPO,A92s
OPPO,A72
OPPO,A52
OPPO,A11k
OPPO,A12
OPPO,K7 5G
OPPO,Find X2 Lite
OPPO,Ace2
OPPO,A12e
OPPO,Reno3
OPPO,Find X2 Pro
OPPO,Find X2
OPPO,Reno3 Pro
OPPO,A31
OPPO,F15
OPPO,Reno3 Pro 5G
OPPO,Reno3 Youth
OPPO,Reno3 5G
OPPO,A91
OPPO,A8
OPPO,A11
OPPO,K5
OPPO,Reno Ace
OPPO,Reno A
OPPO,A5 (2020)
OPPO,A9 (2020)
OPPO,Reno2
OPPO,Reno2 F
OPPO,Reno2 Z
OPPO,Reno Z
OPPO,K3
OPPO,A9x
OPPO,A9
OPPO,Reno 5G
OPPO,Reno 10x zoom
OPPO,Reno
OPPO,A1k
OPPO,A7n
OPPO,A5s (AX5s)
OPPO,F11
OPPO,F11 Pro
OPPO,A7
OPPO,R15x
OPPO,RX17 Neo
OPPO,K1
OPPO,A7x
OPPO,RX17 Pro
OPPO,R17
OPPO,F9 (F9 Pro)
OPPO,A3s
OPPO,A5 (AX5)
OPPO,Find X Lamborghini
OPPO,Find X
OPPO,F7 Youth
OPPO,A3
OPPO,F7
OPPO,R15 Pro
OPPO,R15
OPPO,A1
OPPO,A71 (2018)
OPPO,A83
OPPO,F5 Youth
OPPO,R11s Plus
OPPO,F5
OPPO,R11s
OPPO,A71
OPPO,A77
OPPO,R11 Plus
OPPO,R11
OPPO,A77 (Mediatek)
OPPO,A39
OPPO,F3
OPPO,F3 Plus
OPPO,A57
OPPO,F1s
OPPO,R9s Plus
OPPO,R9s
OPPO,A37
OPPO,A59
OPPO,R9 Plus
OPPO,F1 Plus
OPPO,F1
OPPO,A53 (2015)
OPPO,A33 (2015)
OPPO,Neo 7
OPPO,R7s
OPPO,R7 lite
OPPO,R5s
OPPO,Mirror 5s
OPPO,Mirror 5
OPPO,Joy 3
OPPO,R7 Plus
OPPO,R7
OPPO,Neo 5 (2015)
OPPO,Neo 5s
OPPO,Joy Plus
OPPO,Mirror 3
OPPO,A31 (2015)
OPPO,R1x
OPPO,U3
OPPO,R5
OPPO,N3
OPPO,R1S
OPPO,Neo 3
OPPO,Find 5 Mini
OPPO,R2001 Yoyo
OPPO,R1001 Joy
OPPO,Neo 5
OPPO,R3
OPPO,N1 mini
OPPO,Find 7
OPPO,Find 7a
OPPO,Neo
OPPO,R1 R829T
OPPO,N1
OPPO,R819
OPPO,Find 5
OPPO,U705T Ulike 2
OPPO,R601
OPPO,R821T FInd Muse
OPPO,R811 Real
OPPO,T29
OPPO,R817 Real
OPPO,R815T Clover
OPPO,Find
OPPO,U701 Ulike
PALM,Palm
PALM,Pre 2
PALM,Pre 2 CDMA
PALM,Pixi Plus
PALM,Pre Plus
PALM,Pixi
PALM,Pre
PALM,Treo Pro
PALM,Centro
PALM,Treo 500v
PALM,Treo 750
PALM,Treo 680
PALM,Treo 750v
PALM,Treo 650
PALM,Treo 600
PALM,Treo 270
PALM,Treo 180
SAMSUNG,Galaxy F42 5G
SAMSUNG,Galaxy M52 5G
SAMSUNG,Galaxy M22
SAMSUNG,Galaxy M32 5G
SAMSUNG,Galaxy A03s
SAMSUNG,Galaxy A52s 5G
SAMSUNG,Galaxy Z Fold3 5G
SAMSUNG,Galaxy Z Flip3 5G
SAMSUNG,Galaxy Watch4 Classic
SAMSUNG,Galaxy Watch4
SAMSUNG,Galaxy A12 (India)
SAMSUNG,Galaxy A12 Nacho
SAMSUNG,Galaxy M21 2021
SAMSUNG,Galaxy F22
SAMSUNG,Galaxy M32
SAMSUNG,Galaxy A22 5G
SAMSUNG,Galaxy A22
SAMSUNG,Galaxy Tab A7 Lite
SAMSUNG,Galaxy Tab S7 FE
SAMSUNG,Galaxy F52 5G
SAMSUNG,Galaxy M42 5G
SAMSUNG,Galaxy M12
SAMSUNG,Galaxy Quantum 2
SAMSUNG,Galaxy F12
SAMSUNG,Galaxy F02s
SAMSUNG,Galaxy A72
SAMSUNG,Galaxy A52 5G
SAMSUNG,Galaxy A52
SAMSUNG,Galaxy Xcover 5
SAMSUNG,Galaxy A32
SAMSUNG,Galaxy M62
SAMSUNG,Galaxy F62
SAMSUNG,Galaxy M12 (India)
SAMSUNG,Galaxy S21 Ultra 5G
SAMSUNG,Galaxy S21+ 5G
SAMSUNG,Galaxy S21 5G
SAMSUNG,Galaxy A32 5G
SAMSUNG,Galaxy M02s
SAMSUNG,Galaxy A12
SAMSUNG,Galaxy M02
SAMSUNG,Galaxy A02
SAMSUNG,Galaxy A02s
SAMSUNG,Galaxy M21s
SAMSUNG,Galaxy M31 Prime
SAMSUNG,Galaxy F41
SAMSUNG,Galaxy Tab Active3
SAMSUNG,Galaxy S20 FE 5G
SAMSUNG,Galaxy S20 FE
SAMSUNG,Galaxy A42 5G
SAMSUNG,Galaxy Tab A7 10.4 (2020)
SAMSUNG,Galaxy M51
SAMSUNG,Galaxy A51 5G UW
SAMSUNG,Galaxy Z Fold2 5G
SAMSUNG,Galaxy Note20 Ultra 5G
SAMSUNG,Galaxy Note20 Ultra
SAMSUNG,Galaxy Note20 5G
SAMSUNG,Galaxy Note20
SAMSUNG,Galaxy Watch3
SAMSUNG,Galaxy Tab S7+
SAMSUNG,Galaxy Tab S7
SAMSUNG,Galaxy Z Flip 5G
SAMSUNG,Galaxy M31s
SAMSUNG,Galaxy M01s
SAMSUNG,Galaxy M01 Core
SAMSUNG,Galaxy A01 Core
SAMSUNG,Galaxy A71 5G UW
SAMSUNG,Galaxy M01
SAMSUNG,Galaxy A21s
SAMSUNG,Galaxy J2 Core (2020)
SAMSUNG,Galaxy A Quantum
SAMSUNG,Galaxy A71 5G
SAMSUNG,Galaxy A51 5G
SAMSUNG,Galaxy A21
SAMSUNG,Galaxy Tab A 8.4 (2020)
SAMSUNG,Galaxy Tab S6 Lite
SAMSUNG,Galaxy M11
SAMSUNG,Galaxy A31
SAMSUNG,Galaxy A41
SAMSUNG,Galaxy M21
SAMSUNG,Galaxy A11
SAMSUNG,Galaxy M31
SAMSUNG,Galaxy S20 Ultra 5G
SAMSUNG,Galaxy S20 Ultra
SAMSUNG,Galaxy S20+ 5G
SAMSUNG,Galaxy S20+
SAMSUNG,Galaxy S20 5G UW
SAMSUNG,Galaxy S20 5G
SAMSUNG,Galaxy S20
SAMSUNG,Galaxy Z Flip
SAMSUNG,Galaxy Tab S6 5G
SAMSUNG,Galaxy Xcover Pro
SAMSUNG,Galaxy Note10 Lite
SAMSUNG,Galaxy S10 Lite
SAMSUNG,Galaxy A01
SAMSUNG,Galaxy A71
SAMSUNG,Galaxy A51
SAMSUNG,Galaxy Xcover FieldPro
SAMSUNG,Galaxy A70s
SAMSUNG,Galaxy A20s
SAMSUNG,Galaxy M30s
SAMSUNG,Galaxy M10s
SAMSUNG,Galaxy Fold 5G
SAMSUNG,Galaxy Fold
SAMSUNG,Galaxy Tab Active Pro
SAMSUNG,Galaxy A90 5G
SAMSUNG,Galaxy A30s
SAMSUNG,Galaxy A50s
SAMSUNG,Galaxy Note10+ 5G
SAMSUNG,Galaxy Note10+
SAMSUNG,Galaxy Note10 5G
SAMSUNG,Galaxy Note10
SAMSUNG,Galaxy Watch Active2
SAMSUNG,Galaxy Watch Active2 Aluminum
SAMSUNG,Galaxy A10s
SAMSUNG,Galaxy A10e
SAMSUNG,Galaxy Tab S6
SAMSUNG,Galaxy Tab A 8.0 (2019)
SAMSUNG,Galaxy Xcover 4s
SAMSUNG,Galaxy A2 Core
SAMSUNG,Galaxy Watch Active
SAMSUNG,Galaxy View2
SAMSUNG,Galaxy S10 5G
SAMSUNG,Galaxy S10+
SAMSUNG,Galaxy S10
SAMSUNG,Galaxy S10e
SAMSUNG,Galaxy M40
SAMSUNG,Galaxy M30
SAMSUNG,Galaxy M20
SAMSUNG,Galaxy M10
SAMSUNG,Galaxy A80
SAMSUNG,Galaxy A70
SAMSUNG,Galaxy A60
SAMSUNG,Galaxy A50
SAMSUNG,Galaxy A40
SAMSUNG,Galaxy A30
SAMSUNG,Galaxy A20e
SAMSUNG,Galaxy A20
SAMSUNG,Galaxy A10
SAMSUNG,Galaxy Tab S5e
SAMSUNG,Galaxy Tab A 10.1 (2019)
SAMSUNG,Galaxy Tab A 8.0 & S Pen (2019)
SAMSUNG,Galaxy Tab Advanced2
SAMSUNG,Galaxy Tab A 8.0 (2018)
SAMSUNG,Galaxy Tab S4 10.5
SAMSUNG,Galaxy Tab A 10.5
SAMSUNG,Galaxy A8s
SAMSUNG,Galaxy A6s
SAMSUNG,Galaxy A9 (2018)
SAMSUNG,Galaxy A7 (2018)
SAMSUNG,Galaxy Note9
SAMSUNG,Galaxy Watch
SAMSUNG,Galaxy J6+
SAMSUNG,Galaxy J4 Core
SAMSUNG,Galaxy J4+
SAMSUNG,Galaxy J2 Core
SAMSUNG,Galaxy On6
SAMSUNG,Galaxy J7 (2018)
SAMSUNG,Galaxy J3 (2018)
SAMSUNG,Galaxy A8 Star (A9 Star)
SAMSUNG,Galaxy S Light Luxury
SAMSUNG,Galaxy J8
SAMSUNG,Galaxy J6
SAMSUNG,Galaxy J4
SAMSUNG,Galaxy A6+ (2018)
SAMSUNG,Galaxy A6 (2018)
SAMSUNG,Galaxy J7 Duo
SAMSUNG,Galaxy J7 Prime 2
SAMSUNG,Galaxy S9+
SAMSUNG,Galaxy S9
SAMSUNG,Galaxy J2 Pro (2018)
SAMSUNG,Galaxy A8+ (2018)
SAMSUNG,Galaxy A8 (2018)
SAMSUNG,Galaxy J2 (2017)
SAMSUNG,Galaxy Tab Active 2
SAMSUNG,Galaxy Tab A 8.0 (2017)
SAMSUNG,Galaxy C7 (2017)
SAMSUNG,Gear Sport
SAMSUNG,Galaxy Note8
SAMSUNG,Galaxy S8 Active
SAMSUNG,Galaxy J7 V
SAMSUNG,Galaxy Note FE
SAMSUNG,Galaxy J7 Max
SAMSUNG,Galaxy J7 (2017)
SAMSUNG,Galaxy J7 Pro
SAMSUNG,Galaxy J5 (2017)
SAMSUNG,Galaxy J3 (2017)
SAMSUNG,Galaxy Folder2
SAMSUNG,Z4
SAMSUNG,Galaxy S8
SAMSUNG,Galaxy S8+
SAMSUNG,Gear S3 classic LTE
SAMSUNG,Galaxy C5 Pro
SAMSUNG,Galaxy Xcover 4
SAMSUNG,Galaxy Tab S3 9.7
SAMSUNG,Galaxy J1 mini prime
SAMSUNG,Galaxy J3 Emerge
SAMSUNG,Galaxy C7 Pro
SAMSUNG,Galaxy A7 (2017)
SAMSUNG,Galaxy A5 (2017)
SAMSUNG,Galaxy A3 (2017)
SAMSUNG,Galaxy Grand Prime Plus
SAMSUNG,Galaxy J2 Prime
SAMSUNG,Galaxy C9 Pro
SAMSUNG,Galaxy C10
SAMSUNG,Galaxy A8 (2016)
SAMSUNG,Galaxy On8
SAMSUNG,Galaxy On7 (2016)
SAMSUNG,Gear S3 classic
SAMSUNG,Gear S3 frontier
SAMSUNG,Gear S3 frontier LTE
SAMSUNG,Galaxy J5 Prime
SAMSUNG,Galaxy J7 Prime
SAMSUNG,Z2
SAMSUNG,Galaxy Note7 (USA)
SAMSUNG,Galaxy Note7
SAMSUNG,Galaxy On7 Pro
SAMSUNG,Galaxy On5 Pro
SAMSUNG,Galaxy Tab J
SAMSUNG,Galaxy J Max
SAMSUNG,Galaxy J2 Pro (2016)
SAMSUNG,Galaxy J2 (2016)
SAMSUNG,Z3 Corporate
SAMSUNG,Galaxy Xcover 3 G389F
SAMSUNG,Galaxy S7 active
SAMSUNG,Galaxy J3 Pro
SAMSUNG,Galaxy C7
SAMSUNG,Galaxy C5
SAMSUNG,Galaxy A9 Pro (2016)
SAMSUNG,Galaxy J7 (2016)
SAMSUNG,Galaxy J5 (2016)
SAMSUNG,Galaxy Tab A 10.1 (2016)
SAMSUNG,Galaxy Tab A 7.0 (2016)
SAMSUNG,Galaxy S7
SAMSUNG,Galaxy S7 edge
SAMSUNG,Galaxy S7 edge (USA)
SAMSUNG,Galaxy S7 (USA)
SAMSUNG,Galaxy J1 Nxt
SAMSUNG,Gear S2 classic 3G
SAMSUNG,Galaxy Tab E 8.0
SAMSUNG,Galaxy J1 (2016)
SAMSUNG,Galaxy A9 (2016)
SAMSUNG,Galaxy A7 (2016)
SAMSUNG,Galaxy A5 (2016)
SAMSUNG,Galaxy A3 (2016)
SAMSUNG,Galaxy Express Prime
SAMSUNG,Galaxy J3 (2016)
SAMSUNG,Galaxy View
SAMSUNG,Galaxy On7
SAMSUNG,Galaxy On5
SAMSUNG,Z3
SAMSUNG,Galaxy J1 Ace
SAMSUNG,Gear S2 classic
SAMSUNG,Gear S2
SAMSUNG,Gear S2 3G
SAMSUNG,Galaxy Note5 (USA)
SAMSUNG,Galaxy Note5
SAMSUNG,Galaxy Note5 Duos
SAMSUNG,Galaxy S6 edge+ (USA)
SAMSUNG,Galaxy S6 edge+
SAMSUNG,Galaxy S6 edge+ Duos
SAMSUNG,Galaxy S5 Neo
SAMSUNG,Galaxy S4 mini I9195I
SAMSUNG,Galaxy Folder
SAMSUNG,Galaxy Tab S2 9.7
SAMSUNG,Galaxy Tab S2 8.0
SAMSUNG,Galaxy A8 Duos
SAMSUNG,Galaxy A8
SAMSUNG,Galaxy V Plus
SAMSUNG,Galaxy J7 Nxt
SAMSUNG,Galaxy J7
SAMSUNG,Galaxy J5
SAMSUNG,Galaxy Tab 4 10.1 (2015)
SAMSUNG,Galaxy Tab E 9.6
SAMSUNG,Guru Plus 
SAMSUNG,Metro 360
SAMSUNG,Xcover 550
SAMSUNG,Galaxy S6 active
SAMSUNG,Galaxy Tab 3 V
SAMSUNG,Galaxy Tab A 9.7 & S Pen
SAMSUNG,Galaxy Tab A 9.7
SAMSUNG,Galaxy Tab A 8.0 & S Pen (2015)
SAMSUNG,Galaxy Tab A 8.0 (2015)
SAMSUNG,Galaxy Xcover 3
SAMSUNG,Galaxy S6 edge (USA)
SAMSUNG,Galaxy S6 (USA)
SAMSUNG,Galaxy S6 Plus
SAMSUNG,Galaxy S6 edge
SAMSUNG,Galaxy S6 Duos
SAMSUNG,Galaxy S6
SAMSUNG,Galaxy J1 4G
SAMSUNG,Galaxy J2
SAMSUNG,Galaxy J1
SAMSUNG,Galaxy Tab 3 Lite 7.0 VE
SAMSUNG,Z1
SAMSUNG,Galaxy A7 Duos
SAMSUNG,Galaxy A7
SAMSUNG,Galaxy Grand Max
SAMSUNG,Galaxy E7
SAMSUNG,Galaxy E5
SAMSUNG,Galaxy Core Prime
SAMSUNG,Galaxy A5 Duos
SAMSUNG,Galaxy A5
SAMSUNG,Galaxy A3 Duos
SAMSUNG,Galaxy A3
SAMSUNG,Galaxy S5 Plus
SAMSUNG,Galaxy Pocket 2
SAMSUNG,Galaxy V
SAMSUNG,Galaxy Grand Prime Duos TV
SAMSUNG,Galaxy Grand Prime
SAMSUNG,Galaxy Ace Style LTE G357
SAMSUNG,Galaxy Note Edge
SAMSUNG,Galaxy Note 4 Duos
SAMSUNG,Galaxy Note 4 (USA)
SAMSUNG,Galaxy Note 4
SAMSUNG,Galaxy Tab Active LTE
SAMSUNG,Galaxy Tab Active
SAMSUNG,Galaxy Mega 2
SAMSUNG,Gear S
SAMSUNG,Gear 2 Neo
SAMSUNG,Gear Live
SAMSUNG,Gear 2
SAMSUNG,Galaxy Gear
SAMSUNG,Galaxy S5 LTE-A G901F
SAMSUNG,Galaxy Alpha (S801)
SAMSUNG,Galaxy Alpha
SAMSUNG,Galaxy S5 mini Duos
SAMSUNG,Galaxy Avant
SAMSUNG,Galaxy S Duos 3
SAMSUNG,Guru Music 2
SAMSUNG,Metro 312
SAMSUNG,Galaxy Tab 4 8.0 (2015)
SAMSUNG,Galaxy Ace NXT
SAMSUNG,Galaxy Star 2 Plus
SAMSUNG,Galaxy S5 mini
SAMSUNG,Galaxy Ace 4 LTE G313
SAMSUNG,Galaxy Ace 4
SAMSUNG,Galaxy Young 2
SAMSUNG,Galaxy Star 2
SAMSUNG,Galaxy Core II
SAMSUNG,Galaxy S5 Sport
SAMSUNG,Galaxy S5 LTE-A G906S
SAMSUNG,Galaxy Tab S 8.4 LTE
SAMSUNG,Galaxy Tab S 8.4
SAMSUNG,Galaxy Tab S 10.5 LTE
SAMSUNG,Galaxy Tab S 10.5
SAMSUNG,Galaxy Core Lite LTE
SAMSUNG,I9301I Galaxy S3 Neo
SAMSUNG,Galaxy W
SAMSUNG,Z
SAMSUNG,Galaxy S5 Active
SAMSUNG,Galaxy K zoom
SAMSUNG,Galaxy Beam2
SAMSUNG,I9300I Galaxy S3 Neo
SAMSUNG,Galaxy Ace Style
SAMSUNG,ATIV SE
SAMSUNG,Galaxy Tab 4 7.0
SAMSUNG,Galaxy Tab 4 7.0 3G
SAMSUNG,Galaxy Tab 4 7.0 LTE
SAMSUNG,Galaxy Tab 4 8.0
SAMSUNG,Galaxy Tab 4 8.0 3G
SAMSUNG,Galaxy Tab 4 8.0 LTE
SAMSUNG,Galaxy Tab 4 10.1
SAMSUNG,Galaxy Tab 4 10.1 3G
SAMSUNG,Galaxy Tab 4 10.1 LTE
SAMSUNG,G3812B Galaxy S3 Slim
SAMSUNG,I8200 Galaxy S III mini VE
SAMSUNG,Galaxy S5 Duos
SAMSUNG,Galaxy S5 (octa-core)
SAMSUNG,Galaxy S5 (USA)
SAMSUNG,Galaxy S5
SAMSUNG,Galaxy Core LTE G386W
SAMSUNG,Galaxy Core LTE
SAMSUNG,S5611
SAMSUNG,E1272
SAMSUNG,Galaxy Star Trios S5283
SAMSUNG,Galaxy Note 3 Neo Duos
SAMSUNG,Galaxy Note 3 Neo
SAMSUNG,Galaxy Tab 3 Lite 7.0 3G
SAMSUNG,Galaxy Tab 3 Lite 7.0
SAMSUNG,Galaxy Grand Neo
SAMSUNG,Galaxy Note Pro 12.2 LTE
SAMSUNG,Galaxy Note Pro 12.2 3G
SAMSUNG,Galaxy Note Pro 12.2
SAMSUNG,Galaxy Tab Pro 12.2 LTE
SAMSUNG,Galaxy Tab Pro 12.2 3G
SAMSUNG,Galaxy Tab Pro 12.2
SAMSUNG,Galaxy Tab Pro 10.1 LTE
SAMSUNG,Galaxy Tab Pro 10.1
SAMSUNG,Galaxy Tab Pro 8.4 3G/LTE
SAMSUNG,Galaxy Tab Pro 8.4
SAMSUNG,Galaxy Camera 2 GC200
SAMSUNG,Galaxy Core Advance
SAMSUNG,Galaxy S4 Active LTE-A
SAMSUNG,Galaxy J
SAMSUNG,Galaxy Win Pro G3812
SAMSUNG,Galaxy S Duos 2 S7582
SAMSUNG,Galaxy Grand 2
SAMSUNG,I9230 Galaxy Golden
SAMSUNG,C3590
SAMSUNG,Galaxy Express 2
SAMSUNG,I9506 Galaxy S4
SAMSUNG,Galaxy Light
SAMSUNG,Galaxy Round G910S
SAMSUNG,Galaxy Fresh S7390
SAMSUNG,Galaxy Core Plus
SAMSUNG,Galaxy Fame Lite Duos S6792L
SAMSUNG,Galaxy Fame Lite S6790
SAMSUNG,Galaxy Star Pro S7260
SAMSUNG,Galaxy Note 10.1 (2014)
SAMSUNG,Galaxy Note 3
SAMSUNG,Ch@t 333
SAMSUNG,Galaxy Prevail 2
SAMSUNG,Gravity Q T289
SAMSUNG,ATIV S Neo
SAMSUNG,Galaxy S4 zoom
SAMSUNG,Galaxy S II TV
SAMSUNG,Galaxy Ace 3
SAMSUNG,I9190 Galaxy S4 mini
SAMSUNG,I9295 Galaxy S4 Active
SAMSUNG,Galaxy Tab 3 8.0
SAMSUNG,Galaxy Tab 3 10.1 P5220
SAMSUNG,Galaxy Tab 3 10.1 P5200
SAMSUNG,Galaxy Tab 3 10.1 P5210
SAMSUNG,Galaxy Exhibit T599
SAMSUNG,Galaxy Core I8260
SAMSUNG,Galaxy Tab 3 7.0 WiFi
SAMSUNG,Galaxy Tab 3 7.0
SAMSUNG,Galaxy Mega 6.3 I9200
SAMSUNG,Galaxy Mega 5.8 I9150
SAMSUNG,Galaxy Trend II Duos S7572
SAMSUNG,Galaxy Win I8550
SAMSUNG,Galaxy Pocket Neo S5310
SAMSUNG,Galaxy Star S5280
SAMSUNG,I9505 Galaxy S4
SAMSUNG,I9500 Galaxy S4
SAMSUNG,I9502 Galaxy S4
SAMSUNG,Galaxy S4 CDMA
SAMSUNG,Galaxy Note 8.0
SAMSUNG,Galaxy Note 8.0 Wi-Fi
SAMSUNG,Galaxy Y Plus S5303
SAMSUNG,Rex 90 S5292
SAMSUNG,Rex 80 S5222R
SAMSUNG,Rex 70 S3802
SAMSUNG,Rex 60 C3312R
SAMSUNG,Metro E2202
SAMSUNG,E1282T
SAMSUNG,E1207T
SAMSUNG,Galaxy Young S6310
SAMSUNG,Galaxy Fame S6810
SAMSUNG,Galaxy Express I8730
SAMSUNG,S7710 Galaxy Xcover 2
SAMSUNG,Ativ Odyssey I930
SAMSUNG,I9105 Galaxy S II Plus
SAMSUNG,Galaxy Grand I9080
SAMSUNG,Galaxy Grand I9082
SAMSUNG,Star Deluxe Duos S5292
SAMSUNG,Galaxy Note LTE 10.1 N8020
SAMSUNG,A997 Rugby III
SAMSUNG,Galaxy Axiom R830
SAMSUNG,Galaxy Stratosphere II I415
SAMSUNG,Galaxy Discover S730M
SAMSUNG,Galaxy Pop SHV-E220
SAMSUNG,Galaxy Premier I9260
SAMSUNG,Google Nexus 10 P8110
SAMSUNG,Ativ Tab P8510
SAMSUNG,Comment 2 R390C
SAMSUNG,I8190 Galaxy S III mini
SAMSUNG,Galaxy Music Duos S6012
SAMSUNG,Galaxy Music S6010
SAMSUNG,Galaxy Rugby Pro I547
SAMSUNG,Galaxy Express I437
SAMSUNG,Ch@t 357
SAMSUNG,I9305 Galaxy S III
SAMSUNG,Galaxy Victory 4G LTE L300
SAMSUNG,Champ Neo Duos C3262
SAMSUNG,Galaxy S Relay 4G T699
SAMSUNG,Galaxy Pocket Duos S5302
SAMSUNG,Galaxy Note II N7100
SAMSUNG,Galaxy Note II CDMA
SAMSUNG,Ativ S I8750
SAMSUNG,Galaxy Camera GC100
SAMSUNG,Galaxy Rush M830
SAMSUNG,Galaxy Stellar 4G I200
SAMSUNG,Galaxy Reverb M950
SAMSUNG,Galaxy Tab 2 7.0 I705
SAMSUNG,Galaxy Note 10.1 N8000
SAMSUNG,Galaxy Note 10.1 N8010
SAMSUNG,Array M390
SAMSUNG,Galaxy S Lightray 4G R940
SAMSUNG,Galaxy S Duos S7562
SAMSUNG,Manhattan E3300
SAMSUNG,E2262
SAMSUNG,E1260B
SAMSUNG,E1200 Pusha
SAMSUNG,E2252
SAMSUNG,Galaxy Chat B5330
SAMSUNG,U485 Intensity III
SAMSUNG,Galaxy I8250
SAMSUNG,Galaxy Ace Advance S6800
SAMSUNG,Galaxy Ace Duos S6802
SAMSUNG,Galaxy Appeal I827
SAMSUNG,Galaxy Tab 8.9 4G P7320T
SAMSUNG,C3780
SAMSUNG,C3782 Evan
SAMSUNG,Galaxy Proclaim S720C
SAMSUNG,I9500 Fraser
SAMSUNG,Omnia M S7530
SAMSUNG,Focus 2 I667
SAMSUNG,Galaxy S III T999
SAMSUNG,Galaxy S III I747
SAMSUNG,Galaxy S III CDMA
SAMSUNG,I9300 Galaxy S III
SAMSUNG,E2350B
SAMSUNG,U380 Brightside
SAMSUNG,Galaxy Player 70 Plus
SAMSUNG,Galaxy Pocket plus S5301
SAMSUNG,Galaxy Pocket S5300
SAMSUNG,I8530 Galaxy Beam
SAMSUNG,Galaxy Tab 2 10.1 CDMA
SAMSUNG,Galaxy Tab 2 10.1 P5110
SAMSUNG,Galaxy Tab 2 10.1 P5100
SAMSUNG,Rugby Smart I847
SAMSUNG,W999
SAMSUNG,Galaxy Ace II X S7560M
SAMSUNG,Galaxy Ace 2 I8160
SAMSUNG,Galaxy mini 2 S6500
SAMSUNG,Galaxy Ace Duos I589
SAMSUNG,Galaxy Pop Plus S5570i
SAMSUNG,Galaxy Tab 2 7.0 P3110
SAMSUNG,Galaxy Tab 2 7.0 P3100
SAMSUNG,I9070 Galaxy S Advance
SAMSUNG,C3312 Duos
SAMSUNG,Star 3 s5220
SAMSUNG,Star 3 Duos S5222
SAMSUNG,Galaxy Nexus I9250M
SAMSUNG,Galaxy Attain 4G
SAMSUNG,Galaxy S Blaze 4G T769
SAMSUNG,Galaxy Tab 7.7 LTE I815
SAMSUNG,Galaxy Nexus LTE L700
SAMSUNG,Exhilarate i577
SAMSUNG,Galaxy S II Skyrocket HD I757
SAMSUNG,Galaxy Note T879
SAMSUNG,Galaxy Note I717
SAMSUNG,Galaxy M Style M340S
SAMSUNG,Galaxy Ace Plus S7500
SAMSUNG,I929 Galaxy S II Duos
SAMSUNG,Galaxy Y Duos S6102
SAMSUNG,Galaxy Y Pro Duos B5512
SAMSUNG,E2600
SAMSUNG,M370
SAMSUNG,R680 Repp
SAMSUNG,I110 Illusion
SAMSUNG,E1050
SAMSUNG,E1232B
SAMSUNG,E1230
SAMSUNG,Focus S I937
SAMSUNG,Focus Flash I677
SAMSUNG,Galaxy S II Skyrocket i727
SAMSUNG,C3330 Champ 2
SAMSUNG,Exhibit II 4G T679
SAMSUNG,C3350
SAMSUNG,C3520
SAMSUNG,Galaxy Nexus i515
SAMSUNG,Galaxy Nexus I9250
SAMSUNG,I9100G Galaxy S II
SAMSUNG,I405 Stratosphere
SAMSUNG,R730 Transfix
SAMSUNG,i927 Captivate Glide
SAMSUNG,DoubleTime I857
SAMSUNG,M930 Transform Ultra
SAMSUNG,P6210 Galaxy Tab 7.0 Plus
SAMSUNG,P6200 Galaxy Tab 7.0 Plus
SAMSUNG,Omnia W I8350
SAMSUNG,Galaxy S II HD LTE
SAMSUNG,Ch@t 527
SAMSUNG,P6810 Galaxy Tab 7.7
SAMSUNG,P6800 Galaxy Tab 7.7
SAMSUNG,Galaxy Note N7000
SAMSUNG,Galaxy S II I777
SAMSUNG,Galaxy S II X T989D
SAMSUNG,Galaxy S II T989
SAMSUNG,Galaxy S II Epic 4G Touch
SAMSUNG,S8600 Wave 3
SAMSUNG,Wave M S7250
SAMSUNG,Wave Y S5380
SAMSUNG,Galaxy S II LTE i727R
SAMSUNG,Galaxy S II LTE I9210
SAMSUNG,Galaxy Tab 8.9 LTE I957
SAMSUNG,Galaxy W I8150
SAMSUNG,Galaxy M Pro B7800
SAMSUNG,Galaxy Y Pro B5510
SAMSUNG,Galaxy Y TV S5367
SAMSUNG,Galaxy Y S5360
SAMSUNG,Gravity TXT T379
SAMSUNG,Galaxy Q T589R
SAMSUNG,S5610
SAMSUNG,S3770
SAMSUNG,S5690 Galaxy Xcover
SAMSUNG,Galaxy S II 4G I9100M
SAMSUNG,I9103 Galaxy R
SAMSUNG,R720 Admire
SAMSUNG,Convoy 2
SAMSUNG,Conquer 4G
SAMSUNG,R640 Character
SAMSUNG,R380 Freeform III
SAMSUNG,Trender
SAMSUNG,Gravity SMART
SAMSUNG,Exhibit 4G
SAMSUNG,E1195
SAMSUNG,C414
SAMSUNG,E1190
SAMSUNG,C3560
SAMSUNG,Dart T499
SAMSUNG,C3322
SAMSUNG,R260 Chrono
SAMSUNG,E2232
SAMSUNG,E1182
SAMSUNG,I9001 Galaxy S Plus
SAMSUNG,DuosTV I6712
SAMSUNG,C6712 Star II DUOS
SAMSUNG,Ch@t 222
SAMSUNG,Ch@t 220
SAMSUNG,M580 Replenish
SAMSUNG,Galaxy Prevail
SAMSUNG,M220L Galaxy Neo
SAMSUNG,Google Nexus S I9020A
SAMSUNG,Google Nexus S I9023
SAMSUNG,E2230
SAMSUNG,P1010 Galaxy Tab Wi-Fi
SAMSUNG,P7500 Galaxy Tab 10.1 3G
SAMSUNG,Galaxy Tab 10.1 LTE I905
SAMSUNG,Galaxy Tab 10.1 P7510
SAMSUNG,Galaxy Tab 8.9 P7300
SAMSUNG,Galaxy Tab 8.9 P7310
SAMSUNG,Google Nexus S 4G
SAMSUNG,M260 Factor
SAMSUNG,S3850 Corby II
SAMSUNG,Galaxy Pro B7510
SAMSUNG,I9100 Galaxy S II
SAMSUNG,E2652W Champ Duos
SAMSUNG,E2652 Champ Duos
SAMSUNG,Galaxy S WiFi 5.0
SAMSUNG,P7100 Galaxy Tab 10.1v
SAMSUNG,S5780 Wave 578
SAMSUNG,Ch@t 350
SAMSUNG,E3213 Hero
SAMSUNG,E3210
SAMSUNG,E2330
SAMSUNG,I9003 Galaxy SL
SAMSUNG,Galaxy Ace S5830I
SAMSUNG,Galaxy Ace S5830
SAMSUNG,Galaxy Fit S5670
SAMSUNG,Galaxy Gio S5660
SAMSUNG,Galaxy Mini S5570
SAMSUNG,Galaxy Pop i559
SAMSUNG,Galaxy S 4G T959
SAMSUNG,S5260 Star II
SAMSUNG,I997 Infuse 4G
SAMSUNG,R910 Galaxy Indulge
SAMSUNG,Droid Charge I510
SAMSUNG,Google Nexus S
SAMSUNG,M190S Galaxy S Hoppin
SAMSUNG,Ch@t 335
SAMSUNG,C3630
SAMSUNG,C3530
SAMSUNG,I9010 Galaxy S Giorgio Armani
SAMSUNG,A817 Solstice II
SAMSUNG,A667 Evergreen
SAMSUNG,E2530
SAMSUNG,I100 Gem
SAMSUNG,R710 Suede
SAMSUNG,U750 Zeal
SAMSUNG,Continuum I400
SAMSUNG,Ch@t 322 Wi-Fi
SAMSUNG,Ch@t 322
SAMSUNG,E1252
SAMSUNG,Breeze B209
SAMSUNG,Hero Plus B159
SAMSUNG,W169 Duos
SAMSUNG,Mpower Muzik 219
SAMSUNG,Mpower Txt M369
SAMSUNG,Mpower TV S239
SAMSUNG,E1225 Dual Sim Shift
SAMSUNG,Guru E1081T
SAMSUNG,Focus
SAMSUNG,I8700 Omnia 7
SAMSUNG,S5750 Wave575
SAMSUNG,S8530 Wave II
SAMSUNG,M210S Wave2
SAMSUNG,Galaxy Tab T-Mobile T849
SAMSUNG,P1000 Galaxy Tab
SAMSUNG,Galaxy Tab CDMA P100
SAMSUNG,Galaxy Tab 4G LTE
SAMSUNG,T249
SAMSUNG,R580 Profile
SAMSUNG,R570 Messenger III
SAMSUNG,I909 Galaxy S
SAMSUNG,A200K Nori F
SAMSUNG,A220 F Nori
SAMSUNG,M130K Galaxy K
SAMSUNG,Mesmerize i500
SAMSUNG,M920 Transform
SAMSUNG,R360 Freeform II
SAMSUNG,Guru Dual 26
SAMSUNG,Galaxy 551
SAMSUNG,R900 Craft
SAMSUNG,Xcover 271
SAMSUNG,C3752
SAMSUNG,C3750
SAMSUNG,S7230E Wave 723
SAMSUNG,M130L Galaxy U
SAMSUNG,E2152
SAMSUNG,S5530
SAMSUNG,U360 Gusto
SAMSUNG,Fascinate
SAMSUNG,Vibrant
SAMSUNG,A927 Flight II
SAMSUNG,T669 Gravity T
SAMSUNG,T479 Gravity 3
SAMSUNG,:) Smiley
SAMSUNG,C5010 Squash
SAMSUNG,i897 Captivate
SAMSUNG,B7350 Omnia PRO 4
SAMSUNG,B6520 Omnia PRO 5
SAMSUNG,U320 Haven
SAMSUNG,U460 Intensity II
SAMSUNG,M350 Seek
SAMSUNG,Epic 4G
SAMSUNG,Acclaim
SAMSUNG,Intercept
SAMSUNG,R360 Messenger Touch
SAMSUNG,i225 Exec
SAMSUNG,M570 Restore
SAMSUNG,R351 Freeform
SAMSUNG,T369
SAMSUNG,S5330 Wave533
SAMSUNG,S5250 Wave525
SAMSUNG,I5500 Galaxy 5
SAMSUNG,I5801 Galaxy Apollo
SAMSUNG,I5800 Galaxy 3
SAMSUNG,B7722
SAMSUNG,A847 Rugby II
SAMSUNG,C3300K Champ
SAMSUNG,W960 AMOLED 3D
SAMSUNG,M110S Galaxy S
SAMSUNG,Galaxy A
SAMSUNG,I9000 Galaxy S
SAMSUNG,S3370
SAMSUNG,I6500U Galaxy
SAMSUNG,E1170
SAMSUNG,Metro TV
SAMSUNG,Corby TV F339
SAMSUNG,S3650W Corby
SAMSUNG,W9705
SAMSUNG,A687 Strive
SAMSUNG,A697 Sunburst
SAMSUNG,S8500 Wave
SAMSUNG,I8520 Galaxy Beam
SAMSUNG,B3410W Ch@t
SAMSUNG,M3710 Corby Beat
SAMSUNG,E2370 Xcover
SAMSUNG,E2550 Monte Slider
SAMSUNG,C3200 Monte Bar
SAMSUNG,S5620 Monte
SAMSUNG,S5550 Shark 2
SAMSUNG,S3550 Shark 3
SAMSUNG,E1150
SAMSUNG,S5350 Shark
SAMSUNG,C6112
SAMSUNG,M2520 Beat Techno
SAMSUNG,C3510 Genoa
SAMSUNG,M5650 Lindy
SAMSUNG,S7070 Diva
SAMSUNG,C3730C
SAMSUNG,S5150 Diva folder
SAMSUNG,C5130
SAMSUNG,B5722
SAMSUNG,M3310L
SAMSUNG,M3310
SAMSUNG,A897 Mythic
SAMSUNG,S5500 Eco
SAMSUNG,T139
SAMSUNG,A797 Flight
SAMSUNG,B3410
SAMSUNG,M715 T*OMNIA II
SAMSUNG,A886 Forever
SAMSUNG,S5560 Marvel
SAMSUNG,S5630C
SAMSUNG,I5700 Galaxy Spica
SAMSUNG,E1390
SAMSUNG,E1160
SAMSUNG,E2130
SAMSUNG,E1130B
SAMSUNG,T401G
SAMSUNG,B7620 Giorgio Armani
SAMSUNG,T939 Behold 2
SAMSUNG,M8920
SAMSUNG,W880 AMOLED 12M
SAMSUNG,Vodafone 360 H1
SAMSUNG,Vodafone 360 M1
SAMSUNG,B5310 CorbyPRO
SAMSUNG,B3210 CorbyTXT
SAMSUNG,F480i
SAMSUNG,B7330 OmniaPRO
SAMSUNG,E1085T
SAMSUNG,E1080T
SAMSUNG,S5510
SAMSUNG,S5230W Star WiFi
SAMSUNG,S7550 Blue Earth
SAMSUNG,C5030
SAMSUNG,S3650 Corby
SAMSUNG,T659 Scarlet
SAMSUNG,B3310
SAMSUNG,C3212
SAMSUNG,U450 DoubleTake
SAMSUNG,i220 Code
SAMSUNG,R860 Caliber
SAMSUNG,R520 Trill
SAMSUNG,M900 Moment
SAMSUNG,i350 Intrepid
SAMSUNG,M850 Instinct HD
SAMSUNG,U450 Intensity
SAMSUNG,U960 Rogue
SAMSUNG,S3100
SAMSUNG,A887 Solstice
SAMSUNG,E2120
SAMSUNG,S5233T
SAMSUNG,I6220 Star TV
SAMSUNG,S9110
SAMSUNG,T469 Gravity 2
SAMSUNG,T559 Comeback
SAMSUNG,T746 Impact
SAMSUNG,S5600v Blade
SAMSUNG,S6700
SAMSUNG,C5510
SAMSUNG,M2510
SAMSUNG,M2310
SAMSUNG,W850
SAMSUNG,S8000 Jet
SAMSUNG,I8000 Omnia II
SAMSUNG,B7610 OmniaPRO
SAMSUNG,B7320 OmniaPRO
SAMSUNG,B7300 OmniaLITE
SAMSUNG,M8910 Pixon12
SAMSUNG,E1107 Crest Solar
SAMSUNG,M2710 Beat Twist
SAMSUNG,S5050
SAMSUNG,T349
SAMSUNG,S5200
SAMSUNG,i637 Jack
SAMSUNG,S3310
SAMSUNG,C3060R
SAMSUNG,A167
SAMSUNG,A177
SAMSUNG,I7500 Galaxy
SAMSUNG,J165
SAMSUNG,I6210
SAMSUNG,E1360
SAMSUNG,E1210
SAMSUNG,A657
SAMSUNG,A877 Impression
SAMSUNG,A257 Magnet
SAMSUNG,Propel Pro
SAMSUNG,B2100 Xplorer
SAMSUNG,S5230 Star
SAMSUNG,S5600 Preston
SAMSUNG,i8910 Omnia HD
SAMSUNG,S8300 UltraTOUCH
SAMSUNG,M7600 Beat DJ
SAMSUNG,M6710 Beat DISC
SAMSUNG,S7350 Ultra s
SAMSUNG,S7220 Ultra b
SAMSUNG,C5220
SAMSUNG,S3500
SAMSUNG,S3110
SAMSUNG,P250
SAMSUNG,i7410
SAMSUNG,T929 Memoir
SAMSUNG,C3050 Stratus
SAMSUNG,C3010
SAMSUNG,C3110
SAMSUNG,C6625
SAMSUNG,E1310
SAMSUNG,E1120
SAMSUNG,E1100
SAMSUNG,E1070
SAMSUNG,E2210B
SAMSUNG,E1125
SAMSUNG,E2100B
SAMSUNG,B520
SAMSUNG,B5702
SAMSUNG,C5212
SAMSUNG,W259 Duos
SAMSUNG,SCH-W699
SAMSUNG,W299 Duos
SAMSUNG,S9402 Ego
SAMSUNG,S3030 Tobi
SAMSUNG,U810 Renown
SAMSUNG,i770 Saga
SAMSUNG,A867 Eternity
SAMSUNG,A777
SAMSUNG,T919 Behold
SAMSUNG,T459 Gravity
SAMSUNG,E2510
SAMSUNG,T219
SAMSUNG,E1410
SAMSUNG,T119
SAMSUNG,E1117
SAMSUNG,E1110
SAMSUNG,C6620
SAMSUNG,i907 Epix
SAMSUNG,A767 Propel
SAMSUNG,i7110
SAMSUNG,F275
SAMSUNG,F270 Beat
SAMSUNG,M8800 Pixon
SAMSUNG,S3600
SAMSUNG,M7500 Emporio Armani
SAMSUNG,M3200 Beat s
SAMSUNG,T339
SAMSUNG,T229
SAMSUNG,A637
SAMSUNG,C510
SAMSUNG,A837 Rugby
SAMSUNG,A237
SAMSUNG,B320
SAMSUNG,B210
SAMSUNG,M3510 Beat b
SAMSUNG,M200
SAMSUNG,P270
SAMSUNG,B2700
SAMSUNG,F268
SAMSUNG,T109
SAMSUNG,E200 ECO
SAMSUNG,D980
SAMSUNG,B510
SAMSUNG,E215
SAMSUNG,B130
SAMSUNG,i8510 INNOV8
SAMSUNG,S7330
SAMSUNG,i740
SAMSUNG,M150
SAMSUNG,J800 Luxe
SAMSUNG,M140
SAMSUNG,M130
SAMSUNG,L700
SAMSUNG,i900 Omnia
SAMSUNG,U800 Soul b
SAMSUNG,L870
SAMSUNG,Impact sf
SAMSUNG,M620
SAMSUNG,B300
SAMSUNG,Impact b
SAMSUNG,Impact
SAMSUNG,D780
SAMSUNG,V820L
SAMSUNG,F110
SAMSUNG,G400 Soul
SAMSUNG,U900 Soul
SAMSUNG,L810v Steel
SAMSUNG,F480
SAMSUNG,G810
SAMSUNG,M310
SAMSUNG,B200
SAMSUNG,B110
SAMSUNG,A827 Access
SAMSUNG,P960
SAMSUNG,P220
SAMSUNG,P180
SAMSUNG,i200
SAMSUNG,F400
SAMSUNG,J700
SAMSUNG,J630
SAMSUNG,J210
SAMSUNG,J150
SAMSUNG,E251
SAMSUNG,L770
SAMSUNG,A746
SAMSUNG,A727
SAMSUNG,A711
SAMSUNG,A717
SAMSUNG,A437
SAMSUNG,A127
SAMSUNG,A117
SAMSUNG,SPH-i325 Ace
SAMSUNG,i640
SAMSUNG,L320
SAMSUNG,L310
SAMSUNG,L170
SAMSUNG,T819
SAMSUNG,F490
SAMSUNG,G800
SAMSUNG,C500
SAMSUNG,Serenata
SAMSUNG,D880 Duos
SAMSUNG,i780
SAMSUNG,i560
SAMSUNG,i550
SAMSUNG,F330
SAMSUNG,F250
SAMSUNG,i450
SAMSUNG,Armani
SAMSUNG,J610
SAMSUNG,J400
SAMSUNG,P260
SAMSUNG,J750
SAMSUNG,A737
SAMSUNG,A517
SAMSUNG,T639
SAMSUNG,T509
SAMSUNG,T439
SAMSUNG,T429
SAMSUNG,T409
SAMSUNG,T739 Katalyst
SAMSUNG,T729 Blast
SAMSUNG,T539 Beat
SAMSUNG,L600
SAMSUNG,Z630
SAMSUNG,G600
SAMSUNG,M610
SAMSUNG,M600
SAMSUNG,M110
SAMSUNG,B500
SAMSUNG,B100
SAMSUNG,S730i
SAMSUNG,S720i
SAMSUNG,J200
SAMSUNG,L760
SAMSUNG,F700
SAMSUNG,E950
SAMSUNG,F210
SAMSUNG,F200
SAMSUNG,i620
SAMSUNG,A411
SAMSUNG,ZV60
SAMSUNG,Z240
SAMSUNG,Z170
SAMSUNG,J600
SAMSUNG,i400
SAMSUNG,U700
SAMSUNG,U600
SAMSUNG,U300
SAMSUNG,U100
SAMSUNG,i710
SAMSUNG,i520
SAMSUNG,F520
SAMSUNG,F510
SAMSUNG,P110
SAMSUNG,E840
SAMSUNG,E830
SAMSUNG,E740
SAMSUNG,E590
SAMSUNG,E230
SAMSUNG,E210
SAMSUNG,E200
SAMSUNG,C520
SAMSUNG,C450
SAMSUNG,C275
SAMSUNG,C270
SAMSUNG,C260
SAMSUNG,C250
SAMSUNG,i600
SAMSUNG,i617 BlackJack II
SAMSUNG,i607 BlackJack
SAMSUNG,F500
SAMSUNG,F300
SAMSUNG,P940
SAMSUNG,P930
SAMSUNG,E790
SAMSUNG,E490
SAMSUNG,E480
SAMSUNG,E390
SAMSUNG,X550
SAMSUNG,X540
SAMSUNG,E250
SAMSUNG,X520
SAMSUNG,X530
SAMSUNG,C300
SAMSUNG,M300
SAMSUNG,E690
SAMSUNG,E570
SAMSUNG,E420
SAMSUNG,X830
SAMSUNG,E890
SAMSUNG,E898
SAMSUNG,P310
SAMSUNG,Z720
SAMSUNG,Z650i
SAMSUNG,Z620
SAMSUNG,Z370
SAMSUNG,Z360
SAMSUNG,P200
SAMSUNG,S501i
SAMSUNG,S401i
SAMSUNG,X510
SAMSUNG,X500
SAMSUNG,D840
SAMSUNG,C400
SAMSUNG,C240
SAMSUNG,C180
SAMSUNG,C170
SAMSUNG,C160
SAMSUNG,C140
SAMSUNG,D830
SAMSUNG,D900i
SAMSUNG,D900
SAMSUNG,X820
SAMSUNG,C130
SAMSUNG,E500
SAMSUNG,E380
SAMSUNG,D870
SAMSUNG,D780 flip
SAMSUNG,E900
SAMSUNG,Z400
SAMSUNG,Z550
SAMSUNG,i320
SAMSUNG,i310
SAMSUNG,ZV50
SAMSUNG,ZV40
SAMSUNG,Z560
SAMSUNG,P920
SAMSUNG,P900
SAMSUNG,P910
SAMSUNG,T629
SAMSUNG,D520
SAMSUNG,D300
SAMSUNG,Z710
SAMSUNG,Z600
SAMSUNG,Z520
SAMSUNG,Z350
SAMSUNG,Z230
SAMSUNG,Z330
SAMSUNG,Z310
SAMSUNG,Z150
SAMSUNG,X680
SAMSUNG,X630
SAMSUNG,X210
SAMSUNG,X300
SAMSUNG,X160
SAMSUNG,E870
SAMSUNG,E780
SAMSUNG,i300x
SAMSUNG,D820
SAMSUNG,D810
SAMSUNG,D800
SAMSUNG,Z540
SAMSUNG,Z510
SAMSUNG,P300
SAMSUNG,E770
SAMSUNG,E370
SAMSUNG,E360
SAMSUNG,ZV30
SAMSUNG,ZV10
SAMSUNG,S400i
SAMSUNG,Z320i
SAMSUNG,S500i
SAMSUNG,E860
SAMSUNG,Serene
SAMSUNG,D600
SAMSUNG,P850
SAMSUNG,E730
SAMSUNG,D510
SAMSUNG,X700
SAMSUNG,X670
SAMSUNG,X660
SAMSUNG,X650
SAMSUNG,X490
SAMSUNG,X200
SAMSUNG,X150
SAMSUNG,Z500
SAMSUNG,Z300
SAMSUNG,Z130
SAMSUNG,Z140
SAMSUNG,D550
SAMSUNG,P860
SAMSUNG,Z700
SAMSUNG,D730
SAMSUNG,i750
SAMSUNG,D720
SAMSUNG,E760
SAMSUNG,E750
SAMSUNG,E720
SAMSUNG,E880
SAMSUNG,i300
SAMSUNG,E350
SAMSUNG,E640
SAMSUNG,E620
SAMSUNG,E530
SAMSUNG,E340
SAMSUNG,X810
SAMSUNG,X800
SAMSUNG,C120
SAMSUNG,C230
SAMSUNG,C210
SAMSUNG,X640
SAMSUNG,X480
SAMSUNG,X620
SAMSUNG,X140
SAMSUNG,S410i
SAMSUNG,S342i
SAMSUNG,SCH-B100
SAMSUNG,D500
SAMSUNG,P730
SAMSUNG,P710
SAMSUNG,D428
SAMSUNG,D488
SAMSUNG,E850
SAMSUNG,E630
SAMSUNG,E810
SAMSUNG,E800
SAMSUNG,Z110
SAMSUNG,D710
SAMSUNG,C200
SAMSUNG,i530
SAMSUNG,i505
SAMSUNG,i500
SAMSUNG,i250
SAMSUNG,i700
SAMSUNG,X910
SAMSUNG,X900
SAMSUNG,X610
SAMSUNG,X460
SAMSUNG,X120
SAMSUNG,E330
SAMSUNG,E310
SAMSUNG,E300
SAMSUNG,C110
SAMSUNG,Z107
SAMSUNG,Z105
SAMSUNG,E610
SAMSUNG,E600
SAMSUNG,P510
SAMSUNG,E410
SAMSUNG,X450
SAMSUNG,X430
SAMSUNG,P705
SAMSUNG,D410
SAMSUNG,X600
SAMSUNG,X100
SAMSUNG,E715
SAMSUNG,E700
SAMSUNG,C100
SAMSUNG,D700
SAMSUNG,P500
SAMSUNG,E105
SAMSUNG,E100
SAMSUNG,X410
SAMSUNG,X400
SAMSUNG,S200
SAMSUNG,E400
SAMSUNG,D100
SAMSUNG,Watch Phone
SAMSUNG,V200
SAMSUNG,Z100
SAMSUNG,P100
SAMSUNG,P400
SAMSUNG,T700
SAMSUNG,S500
SAMSUNG,T500
SAMSUNG,S300
SAMSUNG,T400
SAMSUNG,T200
SAMSUNG,V100
SAMSUNG,S100
SAMSUNG,Q300
SAMSUNG,A800
SAMSUNG,A500
SAMSUNG,T100
SAMSUNG,Q200
SAMSUNG,N620
SAMSUNG,N500
SAMSUNG,N400
SAMSUNG,Q105
SAMSUNG,N300
SAMSUNG,A400
SAMSUNG,A300
SAMSUNG,R220
SAMSUNG,R210
SAMSUNG,R200
SAMSUNG,A200
SAMSUNG,Q100
SAMSUNG,N105
SAMSUNG,N100
SAMSUNG,M100
SAMSUNG,A110
SAMSUNG,A100
SAMSUNG,SGH-2400
SAMSUNG,SGH-2200
SAMSUNG,SGH-2100
SAMSUNG,SGH-810
SAMSUNG,SGH-800
SAMSUNG,SGH-600
SAMSUNG,SGH-500
SAMSUNG,SGH-250
SAMSUNG,Galaxy S21
SAMSUNG,Galaxy S9 Active
SAMSUNG,Galaxy On5 (2016)
SAMSUNG,Galaxy J5 Prime (2017)
SAMSUNG,Galaxy S7 mini
SAMSUNG,Galaxy Grand 3
SAMSUNG,Galaxy F
SAMSUNG,Galaxy Tab 3 Plus 10.1 P8220
XIAOMI,Redmi Note 10 Lite
XIAOMI,Civi
XIAOMI,Watch Color 2
XIAOMI,Redmi 9i Sport
XIAOMI,Redmi 9A Sport
XIAOMI,Poco C31
XIAOMI,Redmi 9 Activ
XIAOMI,11T Pro
XIAOMI,11T
XIAOMI,11 Lite 5G NE
XIAOMI,Redmi 10 Prime
XIAOMI,Redmi 10
XIAOMI,Pad 5 Pro
XIAOMI,Pad 5
XIAOMI,Mix 4
XIAOMI,Poco X3 GT
XIAOMI,Poco F3 GT
XIAOMI,Redmi Note 10T 5G
XIAOMI,Mi Watch Revolve Active
XIAOMI,Redmi Note 10 Pro (China)
XIAOMI,Redmi Note 8 2021
XIAOMI,Poco M3 Pro 5G
XIAOMI,Redmi K40 Gaming
XIAOMI,Mi 11X Pro
XIAOMI,Mi 11X
XIAOMI,Poco M2 Reloaded
XIAOMI,Mi Mix Fold
XIAOMI,Mi 11 Ultra
XIAOMI,Mi 11 Pro
XIAOMI,Mi 11i
XIAOMI,Mi 11 Lite 5G
XIAOMI,Mi 11 Lite
XIAOMI,Black Shark 4 Pro
XIAOMI,Black Shark 4
XIAOMI,Poco X3 Pro
XIAOMI,Poco F3
XIAOMI,Mi 10S
XIAOMI,Redmi Note 10 Pro
XIAOMI,Redmi Note 10 5G
XIAOMI,Redmi Note 10S
XIAOMI,Redmi Note 10
XIAOMI,Redmi Note 10 Pro Max
XIAOMI,Redmi Note 10 Pro (India)
XIAOMI,Redmi K40 Pro+
XIAOMI,Redmi K40 Pro
XIAOMI,Redmi K40
XIAOMI,Redmi Note 9T
XIAOMI,Redmi 9T
XIAOMI,Mi 10i 5G
XIAOMI,Mi 11
XIAOMI,Redmi 9 Power
XIAOMI,Mi Watch Lite
XIAOMI,Redmi Note 9 Pro 5G
XIAOMI,Redmi Note 9 5G
XIAOMI,Redmi Note 9 4G
XIAOMI,Redmi Watch
XIAOMI,Poco M3
XIAOMI,Redmi K30S
XIAOMI,Mi Watch Color Sports
XIAOMI,Poco C3
XIAOMI,Mi 10T Pro 5G
XIAOMI,Mi 10T 5G
XIAOMI,Mi 10T Lite 5G
XIAOMI,Mi Watch
XIAOMI,Mi Watch Revolve
XIAOMI,Redmi 9AT
XIAOMI,Redmi 9i
XIAOMI,Poco M2
XIAOMI,Poco X3
XIAOMI,Poco X3 NFC
XIAOMI,Redmi 9 (India)
XIAOMI,Mi 10 Ultra
XIAOMI,Redmi K30 Ultra
XIAOMI,Redmi 9 Prime
XIAOMI,Black Shark 3S
XIAOMI,Poco M2 Pro
XIAOMI,Redmi 9A
XIAOMI,Redmi 9C NFC
XIAOMI,Redmi 9C
XIAOMI,Redmi 9
XIAOMI,Redmi 10X Pro 5G
XIAOMI,Redmi 10X 5G
XIAOMI,Redmi 10X 4G
XIAOMI,Redmi K30i 5G
XIAOMI,Poco F2 Pro
XIAOMI,Redmi K30 5G Racing
XIAOMI,Redmi Note 9 Pro
XIAOMI,Redmi Note 9
XIAOMI,Mi Note 10 Lite
XIAOMI,Mi 10 Youth 5G
XIAOMI,Mi 10 Lite 5G
XIAOMI,Redmi K30 Pro Zoom
XIAOMI,Redmi K30 Pro
XIAOMI,Redmi Note 9S
XIAOMI,Redmi Note 9 Pro Max
XIAOMI,Redmi Note 9 Pro (India)
XIAOMI,Black Shark 3 Pro
XIAOMI,Black Shark 3
XIAOMI,Mi 10 Pro 5G
XIAOMI,Mi 10 5G
XIAOMI,Redmi 8A Pro
XIAOMI,Redmi 8A Dual
XIAOMI,Poco X2
XIAOMI,Redmi K30
XIAOMI,Redmi K30 5G
XIAOMI,Redmi Note 8T
XIAOMI,Mi Note 10 Pro
XIAOMI,Mi Note 10
XIAOMI,Mi CC9 Pro
XIAOMI,Watch Color
XIAOMI,Mi Watch (China)
XIAOMI,Redmi 8
XIAOMI,Redmi 8A
XIAOMI,Mi Mix Alpha
XIAOMI,Mi 9 Pro 5G
XIAOMI,Mi 9 Pro
XIAOMI,Redmi K20 Pro Premium
XIAOMI,Mi 9 Lite
XIAOMI,Redmi Note 8 Pro
XIAOMI,Black Shark 2 Pro
XIAOMI,Mi A3
XIAOMI,Redmi 7A
XIAOMI,Mi CC9
XIAOMI,Mi CC9e
XIAOMI,Redmi Note 8
XIAOMI,Mi 9T Pro
XIAOMI,Mi 9T
XIAOMI,Redmi K20
XIAOMI,Redmi K20 Pro
XIAOMI,Redmi Note 7S
XIAOMI,Redmi Y3
XIAOMI,Black Shark 2
XIAOMI,Redmi 7
XIAOMI,Redmi Note 7 Pro
XIAOMI,Mi Mix 3 5G
XIAOMI,Mi 9 Explorer
XIAOMI,Mi 9 SE
XIAOMI,Mi 9
XIAOMI,Redmi Go
XIAOMI,Redmi Note 7
XIAOMI,Mi Play
XIAOMI,Black Shark Helo
XIAOMI,Mi Mix 3
XIAOMI,Redmi Note 6 Pro
XIAOMI,Mi 8 Pro
XIAOMI,Mi 8 Lite
XIAOMI,Pocophone F1
XIAOMI,Mi A2 (Mi 6X)
XIAOMI,Mi A2 Lite (Redmi 6 Pro)
XIAOMI,Mi Max 3
XIAOMI,Mi Pad 4 Plus
XIAOMI,Mi Pad 4
XIAOMI,Redmi 6
XIAOMI,Redmi 6A
XIAOMI,Mi 8 Explorer
XIAOMI,Mi 8
XIAOMI,Mi 8 SE
XIAOMI,Redmi S2 (Redmi Y2)
XIAOMI,Mi Mix 2S
XIAOMI,Redmi Note 5 AI Dual Camera
XIAOMI,Redmi Note 5 Pro
XIAOMI,Black Shark
XIAOMI,Redmi 5 Plus (Redmi Note 5)
XIAOMI,Redmi 5
XIAOMI,Redmi 5A
XIAOMI,Redmi Y1 (Note 5A)
XIAOMI,Redmi Y1 Lite
XIAOMI,Mi Note 3
XIAOMI,Mi Mix 2
XIAOMI,Mi A1 (Mi 5X)
XIAOMI,Mi Max 2
XIAOMI,Redmi 4 (4X)
XIAOMI,Mi 6
XIAOMI,Mi Pad 3
XIAOMI,Mi 5c
XIAOMI,Redmi Note 4X
XIAOMI,Redmi Note 4
XIAOMI,Redmi 4A
XIAOMI,Redmi 4 (China)
XIAOMI,Mi 6 Plus
XIAOMI,Redmi 4 Prime
XIAOMI,Mi Mix
XIAOMI,Mi Note 2
XIAOMI,Mi 5s Plus
XIAOMI,Mi 5s
XIAOMI,Redmi Note 4 (MediaTek)
XIAOMI,Redmi Pro
XIAOMI,Redmi 3x
XIAOMI,Redmi 3s Prime
XIAOMI,Redmi 3s
XIAOMI,Redmi 3 Pro
XIAOMI,Mi Max
XIAOMI,Mi 5
XIAOMI,Mi 4s
XIAOMI,Redmi Note 3
XIAOMI,Redmi 3
XIAOMI,Redmi Note Prime
XIAOMI,Mi Pad 2
XIAOMI,Redmi Note 3 (MediaTek)
XIAOMI,Mi 4c
XIAOMI,Redmi Note 2
XIAOMI,Redmi 2 Pro
XIAOMI,Redmi 2 Prime
XIAOMI,Mi 4i
XIAOMI,Mi Note Pro
XIAOMI,Mi Note
XIAOMI,Redmi 2A
XIAOMI,Redmi 2
XIAOMI,Mi 4 LTE
XIAOMI,Redmi Note 4G
XIAOMI,Mi 4
XIAOMI,Mi Pad 7.9
XIAOMI,Redmi Note
XIAOMI,Mi 3
XIAOMI,Redmi 1S
XIAOMI,Redmi
XIAOMI,Mi 2A
XIAOMI,Mi 2S
XIAOMI,Mi 2
XIAOMI,Mi 1S
XIAOMI,Poco M3 Pro
XIAOMI,Mi 10 Lite Zoom
XIAOMI,Mi 9X
XIAOMI,Mi Max 4 Pro
XIAOMI,Mi Max 4
XIAOMI,Mi 6c
XIAOMI,Redmi Pro 2
XIAOMI,Mi Note Plus
