,company_name,device
0,APPLE,iPhone 13 Pro Max
1,APPLE,iPhone 13 Pro
2,APPLE,iPhone 13
3,APPLE,iPhone 13 mini
4,APPLE,iPad mini (2021)
5,APPLE,iPad 10.2 (2021)
6,APPLE,Watch Edition Series 7
7,APPLE,Watch Series 7
8,APPLE,Watch Series 7 Aluminum
9,APPLE,iPad Pro 12.9 (2021)
10,APPLE,iPad Pro 11 (2021)
11,APPLE,iPhone 12 Pro Max
12,APPLE,iPhone 12 Pro
13,APPLE,iPhone 12
14,APPLE,iPhone 12 mini
15,APPLE,iPad Air (2020)
16,APPLE,iPad 10.2 (2020)
17,APPLE,Watch SE
18,APPLE,Watch Series 6 Aluminum
19,APPLE,Watch Series 6
20,APPLE,Watch Edition Series 6
21,APPLE,iPhone SE (2020)
22,APPLE,iPad Pro 12.9 (2020)
23,APPLE,iPad Pro 11 (2020)
24,APPLE,iPhone 11 Pro Max
25,APPLE,iPhone 11 Pro
26,APPLE,iPhone 11
27,APPLE,iPad 10.2 (2019)
28,APPLE,Watch Edition Series 5
29,APPLE,Watch Series 5
30,APPLE,Watch Series 5 Aluminum
31,APPLE,iPad Air (2019)
32,APPLE,iPad mini (2019)
33,APPLE,iPad Pro 12.9 (2018)
34,APPLE,iPad Pro 11 (2018)
35,APPLE,iPhone XS Max
36,APPLE,iPhone XS
37,APPLE,iPhone XR
38,APPLE,Watch Series 4
39,APPLE,Watch Series 4 Aluminum
40,APPLE,iPad 9.7 (2018)
41,APPLE,iPhone X
42,APPLE,iPhone 8 Plus
43,APPLE,iPhone 8
44,APPLE,Watch Edition Series 3
45,APPLE,Watch Series 3
46,APPLE,Watch Series 3 Aluminum
47,APPLE,iPad Pro 12.9 (2017)
48,APPLE,iPad Pro 10.5 (2017)
49,APPLE,iPad 9.7 (2017)
50,APPLE,Watch Edition Series 2 42mm
51,APPLE,Watch Edition Series 2 38mm
52,APPLE,Watch Series 2 42mm
53,APPLE,Watch Series 2 38mm
54,APPLE,Watch Series 2 Aluminum 42mm
55,APPLE,Watch Series 1 Aluminum 42mm
56,APPLE,Watch Series 2 Aluminum 38mm
57,APPLE,Watch Series 1 Aluminum 38mm
58,APPLE,iPhone 7 Plus
59,APPLE,iPhone 7
60,APPLE,iPad Pro 9.7 (2016)
61,APPLE,iPhone SE
62,APPLE,iPhone 6s Plus
63,APPLE,iPhone 6s
64,APPLE,iPad Pro 12.9 (2015)
65,APPLE,iPad mini 4 (2015)
66,APPLE,Watch Edition 42mm (1st gen)
67,APPLE,Watch Edition 38mm (1st gen)
68,APPLE,Watch 42mm (1st gen)
69,APPLE,Watch 38mm (1st gen)
70,APPLE,Watch Sport 42mm (1st gen)
71,APPLE,Watch Sport 38mm (1st gen)
72,APPLE,iPad Air 2
73,APPLE,iPad mini 3
74,APPLE,iPhone 6 Plus
75,APPLE,iPhone 6
76,APPLE,iPad Air
77,APPLE,iPad mini 2
78,APPLE,iPhone 5s
79,APPLE,iPhone 5c
80,APPLE,iPad mini Wi-Fi
81,APPLE,iPad mini Wi-Fi + Cellular
82,APPLE,iPad 4 Wi-Fi
83,APPLE,iPad 4 Wi-Fi + Cellular
84,APPLE,iPhone 5
85,APPLE,iPad 3 Wi-Fi + Cellular
86,APPLE,iPad 3 Wi-Fi
87,APPLE,iPhone 4s
88,APPLE,iPad 2 Wi-Fi + 3G
89,APPLE,iPad 2 Wi-Fi
90,APPLE,iPad 2 CDMA
91,APPLE,iPhone 4
92,APPLE,iPhone 4 CDMA
93,APPLE,iPad Wi-Fi + 3G
94,APPLE,iPad Wi-Fi
95,APPLE,iPhone 3GS
96,APPLE,iPhone 3G
97,APPLE,iPhone
98,GOOGLE,Pixel 5a 5G
99,GOOGLE,Pixel 5
100,GOOGLE,Pixel 4a 5G
101,GOOGLE,Pixel 4a
102,GOOGLE,Pixel 4 XL
103,GOOGLE,Pixel 4
104,GOOGLE,Pixel 3a XL
105,GOOGLE,Pixel 3a
106,GOOGLE,Pixel 3 XL
107,GOOGLE,Pixel 3
108,GOOGLE,Pixel 2
109,GOOGLE,Pixel 2 XL
110,GOOGLE,Pixel XL
111,GOOGLE,Pixel
112,GOOGLE,Pixel C
113,HTC,Wildfire E3
114,HTC,Desire 21 Pro 5G
115,HTC,Desire 20+
116,HTC,Wildfire E1 lite
117,HTC,Wildfire E2
118,HTC,Wildfire E1 plus
119,HTC,Wildfire E1
120,HTC,Wildfire E
121,HTC,U20 5G
122,HTC,Desire 20 Pro
123,HTC,Wildfire R70
124,HTC,Desire 19s
125,HTC,Exodus 1s
126,HTC,Wildfire X
127,HTC,U19e
128,HTC,Desire 19+
129,HTC,Desire 12s
130,HTC,Exodus 1
131,HTC,U12 life
132,HTC,U12+
133,HTC,Desire 12+
134,HTC,Desire 12
135,HTC,U11 Eyes
136,HTC,U11+
137,HTC,U11 Life
138,HTC,U11
139,HTC,One X10
140,HTC,U Ultra
141,HTC,U Play
142,HTC,10 evo
143,HTC,Desire 650
144,HTC,Desire 10 Pro
145,HTC,Desire 10 Compact
146,HTC,One A9s
147,HTC,Desire 10 Lifestyle
148,HTC,Desire 728 Ultra
149,HTC,Desire 628
150,HTC,One M9 Prime Camera
151,HTC,Desire 830
152,HTC,One S9
153,HTC,10 Lifestyle
154,HTC,10
155,HTC,Desire 825
156,HTC,Desire 630
157,HTC,Desire 530
158,HTC,Desire 625
159,HTC,One X9
160,HTC,One M9s
161,HTC,Desire 828 dual sim
162,HTC,Desire 728 dual sim
163,HTC,One E9s dual sim
164,HTC,Butterfly 3
165,HTC,One M9+ Supreme Camera
166,HTC,One A9
167,HTC,Desire 626 (USA)
168,HTC,Desire 626s
169,HTC,Desire 526
170,HTC,Desire 520
171,HTC,One ME
172,HTC,Desire 820G+ dual sim
173,HTC,Desire 326G dual sim
174,HTC,One M9+
175,HTC,One M8s
176,HTC,One E9+
177,HTC,One E9
178,HTC,One M9
179,HTC,Desire 820s dual sim
180,HTC,Desire 626G+
181,HTC,Desire 626
182,HTC,Desire 526G+ dual sim 
183,HTC,Desire 826 dual sim
184,HTC,Desire 320
185,HTC,Desire 620G dual sim
186,HTC,Desire 620
187,HTC,Nexus 9
188,HTC,Desire 816G dual sim
189,HTC,One (M8 Eye)
190,HTC,Desire Eye
191,HTC,Desire 612
192,HTC,Desire 820q dual sim
193,HTC,Desire 820 dual sim
194,HTC,Desire 820
195,HTC,One (E8) CDMA
196,HTC,Desire 510
197,HTC,One (M8) for Windows
198,HTC,One (M8) for Windows (CDMA)
199,HTC,Butterfly 2
200,HTC,One Remix
201,HTC,One (M8) dual sim
202,HTC,Desire 516 dual sim
203,HTC,One (E8)
204,HTC,One mini 2
205,HTC,Desire 616 dual sim
206,HTC,Desire 210 dual sim
207,HTC,One (M8) CDMA
208,HTC,One (M8)
209,HTC,Desire 310 dual sim
210,HTC,Desire 310
211,HTC,Desire 816 dual sim
212,HTC,Desire 816
213,HTC,Desire 610
214,HTC,Desire 501 dual sim
215,HTC,Desire 700
216,HTC,Desire 700 dual sim
217,HTC,Desire 601 dual sim
218,HTC,Desire 501
219,HTC,One Max
220,HTC,Desire 300
221,HTC,Desire 601
222,HTC,Desire 500
223,HTC,One mini
224,HTC,Desire L
225,HTC,Desire P
226,HTC,Desire Q
227,HTC,8XT
228,HTC,Butterfly S
229,HTC,Desire 200
230,HTC,Desire 600 dual sim
231,HTC,First
232,HTC,One Dual Sim
233,HTC,One
234,HTC,Desire U
235,HTC,Desire 400 dual sim
236,HTC,Butterfly
237,HTC,DROID DNA
238,HTC,One SV CDMA
239,HTC,One SV
240,HTC,Desire SV
241,HTC,One VX
242,HTC,One X+
243,HTC,Windows Phone 8X CDMA
244,HTC,Windows Phone 8X
245,HTC,Windows Phone 8S
246,HTC,One ST
247,HTC,One SC
248,HTC,Desire X
249,HTC,Desire VT
250,HTC,Desire XC
251,HTC,Desire VC
252,HTC,Desire V
253,HTC,Desire C
254,HTC,J
255,HTC,DROID Incredible 4G LTE
256,HTC,Evo 4G LTE
257,HTC,One XC
258,HTC,One X
259,HTC,One X AT&T
260,HTC,One XL
261,HTC,One S C2
262,HTC,One S
263,HTC,One V
264,HTC,Velocity 4G Vodafone
265,HTC,Velocity 4G
266,HTC,Titan II
267,HTC,Rezound
268,HTC,Vivid
269,HTC,EVO Design 4G
270,HTC,Sensation XL
271,HTC,Explorer
272,HTC,Amaze 4G
273,HTC,Raider 4G
274,HTC,Rhyme
275,HTC,Hero S
276,HTC,Rhyme CDMA
277,HTC,Sensation XE
278,HTC,Jetstream
279,HTC,Lead
280,HTC,Titan
281,HTC,Radar
282,HTC,Panache
283,HTC,Status
284,HTC,Glacier
285,HTC,Trophy
286,HTC,DROID Incredible 2
287,HTC,Sensation 4G
288,HTC,EVO 3D
289,HTC,Sensation
290,HTC,EVO 3D CDMA
291,HTC,HD7S
292,HTC,Prime
293,HTC,Merge
294,HTC,Incredible S
295,HTC,Desire S
296,HTC,Wildfire S
297,HTC,Salsa
298,HTC,ChaCha
299,HTC,Flyer
300,HTC,Flyer Wi-Fi
301,HTC,EVO View 4G
302,HTC,Inspire 4G
303,HTC,Freestyle
304,HTC,ThunderBolt 4G
305,HTC,EVO Shift 4G
306,HTC,Gratia
307,HTC,HD7
308,HTC,7 Pro
309,HTC,7 Surround
310,HTC,7 Mozart
311,HTC,7 Trophy
312,HTC,Arrive
313,HTC,Desire HD
314,HTC,Desire Z
315,HTC,Paradise
316,HTC,Evo 4G+
317,HTC,Aria
318,HTC,Wildfire CDMA
319,HTC,Wildfire
320,HTC,HD mini
321,HTC,Desire
322,HTC,Legend
323,HTC,Rider
324,HTC,Google Nexus One
325,HTC,Smart
326,HTC,HD2
327,HTC,Evo 4G
328,HTC,Droid Incredible
329,HTC,DROID ERIS
330,HTC,Pure
331,HTC,Tattoo
332,HTC,Touch2
333,HTC,Hero CDMA
334,HTC,Hero
335,HTC,Ozone
336,HTC,Schubert
337,HTC,Snap
338,HTC,Magic
339,HTC,Touch Pro2 CDMA
340,HTC,Tilt2
341,HTC,Touch Pro2
342,HTC,Touch Diamond2 CDMA
343,HTC,Touch Diamond2
344,HTC,Dream
345,HTC,Touch Cruise 09
346,HTC,MAX 4G
347,HTC,Touch HD T8285
348,HTC,Touch HD
349,HTC,Touch 3G
350,HTC,Touch Viva
351,HTC,S740
352,HTC,Touch Pro CDMA
353,HTC,Touch Pro
354,HTC,Touch Diamond CDMA
355,HTC,Touch Diamond
356,HTC,Advantage X7510
357,HTC,P3470
358,HTC,Touch Cruise
359,HTC,Touch Dual
360,HTC,S730
361,HTC,P6500
362,HTC,TyTN II
363,HTC,S630
364,HTC,Touch
365,HTC,P6300
366,HTC,Shift
367,HTC,Advantage X7500
368,HTC,S710
369,HTC,P3350
370,HTC,P3400
371,HTC,P4350
372,HTC,P3600i
373,HTC,P3600
374,HTC,P3300
375,HTC,S620
376,HTC,S310
377,HTC,TyTN
378,HTC,MTeoR
379,HTC,One (M8i)
380,HTC,One M8 Prime
381,HTC,Tiara
382,HTC,Primo
383,HTC,Zeta
384,HTC,Ville
385,HTC,Ignite
386,HTC,Desire HD2
387,HTC,A12
388,HUAWEI,nova 9 Pro
389,HUAWEI,nova 9
390,HUAWEI,nova 8
391,HUAWEI,P50 Pro
392,HUAWEI,P50
393,HUAWEI,nova 8 SE Youth
394,HUAWEI,nova 8i
395,HUAWEI,Mate 40 Pro 4G
396,HUAWEI,Mate 40E 4G
397,HUAWEI,Mate X2 4G
398,HUAWEI,MatePad Pro 12.6 (2021)
399,HUAWEI,MatePad Pro 10.8 (2021)
400,HUAWEI,MatePad 11 (2021)
401,HUAWEI,Watch 3 Pro
402,HUAWEI,Watch 3
403,HUAWEI,nova 8 Pro 4G
404,HUAWEI,Watch Fit Elegant
405,HUAWEI,Mate 40E
406,HUAWEI,P40 4G
407,HUAWEI,Mate X2
408,HUAWEI,nova 8 Pro 5G
409,HUAWEI,nova 8 5G
410,HUAWEI,Enjoy 20 SE
411,HUAWEI,nova 8 SE
412,HUAWEI,Mate 40 RS Porsche Design
413,HUAWEI,Mate 40 Pro+
414,HUAWEI,Mate 40 Pro
415,HUAWEI,Mate 40
416,HUAWEI,Watch GT 2 Porsche Design
417,HUAWEI,Mate 30E Pro 5G
418,HUAWEI,nova 7 SE 5G Youth
419,HUAWEI,Y7a
420,HUAWEI,P smart 2021
421,HUAWEI,MatePad 5G
422,HUAWEI,Watch GT 2 Pro
423,HUAWEI,Y9a
424,HUAWEI,Enjoy 20 Plus 5G
425,HUAWEI,Enjoy 20 5G
426,HUAWEI,Watch Fit
427,HUAWEI,MatePad 10.8
428,HUAWEI,MatePad T 10s
429,HUAWEI,Enjoy Tablet 2
430,HUAWEI,Children's Watch 4X
431,HUAWEI,Enjoy 20 Pro
432,HUAWEI,Enjoy Z 5G
433,HUAWEI,P Smart S
434,HUAWEI,Y8p
435,HUAWEI,P40 lite 5G
436,HUAWEI,P30 Pro New Edition
437,HUAWEI,MatePad T8
438,HUAWEI,Y8s
439,HUAWEI,Y6p
440,HUAWEI,Y5p
441,HUAWEI,P smart 2020
442,HUAWEI,nova 7 Pro 5G
443,HUAWEI,nova 7 5G
444,HUAWEI,nova 7 SE
445,HUAWEI,MatePad 10.4
446,HUAWEI,Watch GT 2e
447,HUAWEI,Enjoy 10e
448,HUAWEI,P40 Pro+
449,HUAWEI,P40 Pro
450,HUAWEI,P40
451,HUAWEI,P40 lite E
452,HUAWEI,P40 lite
453,HUAWEI,MatePad Pro 10.8 5G (2019)
454,HUAWEI,Mate Xs
455,HUAWEI,P30 lite New Edition
456,HUAWEI,Y7p
457,HUAWEI,nova 7i
458,HUAWEI,Y6s (2019)
459,HUAWEI,P smart Pro 2019
460,HUAWEI,nova 6 5G
461,HUAWEI,nova 6
462,HUAWEI,nova 6 SE
463,HUAWEI,MatePad Pro 10.8 (2019)
464,HUAWEI,Mate X
465,HUAWEI,Y9s
466,HUAWEI,nova 5z
467,HUAWEI,Enjoy 10s
468,HUAWEI,Enjoy 10
469,HUAWEI,Mate 30 RS Porsche Design
470,HUAWEI,Mate 30 Pro 5G
471,HUAWEI,Mate 30 Pro
472,HUAWEI,Mate 30 5G
473,HUAWEI,Mate 30
474,HUAWEI,Watch GT 2
475,HUAWEI,nova 5i Pro
476,HUAWEI,Enjoy 10 Plus
477,HUAWEI,nova 5T
478,HUAWEI,MediaPad M6 10.8
479,HUAWEI,MediaPad M6 Turbo 8.4
480,HUAWEI,MediaPad M6 8.4
481,HUAWEI,nova 5 Pro
482,HUAWEI,nova 5
483,HUAWEI,nova 5i
484,HUAWEI,Y9 Prime (2019)
485,HUAWEI,P20 lite (2019)
486,HUAWEI,P Smart Z
487,HUAWEI,Mate 20 X (5G)
488,HUAWEI,P30 Pro
489,HUAWEI,P30
490,HUAWEI,P30 lite
491,HUAWEI,nova 4e
492,HUAWEI,Y5 (2019)
493,HUAWEI,Enjoy 9e
494,HUAWEI,Enjoy 9s
495,HUAWEI,Y Max
496,HUAWEI,MediaPad M5 Lite 8
497,HUAWEI,Y6 Pro (2019)
498,HUAWEI,Y6 (2019)
499,HUAWEI,Y7 (2019)
500,HUAWEI,Y7 Prime (2019)
501,HUAWEI,Y7 Pro (2019)
502,HUAWEI,Y5 lite (2018)
503,HUAWEI,nova 4
504,HUAWEI,P smart 2019
505,HUAWEI,Enjoy 9
506,HUAWEI,Watch Magic
507,HUAWEI,Watch GT
508,HUAWEI,Mate 20 RS Porsche Design
509,HUAWEI,Mate 20 X
510,HUAWEI,Mate 20 Pro
511,HUAWEI,Mate 20
512,HUAWEI,MediaPad T5
513,HUAWEI,MediaPad M5 lite
514,HUAWEI,Y9 (2019)
515,HUAWEI,Mate 20 lite
516,HUAWEI,P Smart+ 2019
517,HUAWEI,nova 3i
518,HUAWEI,nova 3
519,HUAWEI,Watch 2 2018
520,HUAWEI,Y5 Prime (2018)
521,HUAWEI,Y3 (2018)
522,HUAWEI,Y6 Prime (2018)
523,HUAWEI,Y6 (2018)
524,HUAWEI,Mate RS Porsche Design
525,HUAWEI,P20 Pro
526,HUAWEI,P20
527,HUAWEI,P20 lite
528,HUAWEI,Y7 Pro (2018)
529,HUAWEI,Y7 Prime (2018)
530,HUAWEI,Y7 (2018)
531,HUAWEI,Y9 (2018)
532,HUAWEI,MediaPad M5 10 (Pro)
533,HUAWEI,MediaPad M5 10
534,HUAWEI,MediaPad M5 8
535,HUAWEI,P smart
536,HUAWEI,nova 2s
537,HUAWEI,Mate 10 Porsche Design
538,HUAWEI,Mate 10 Pro
539,HUAWEI,Mate 10
540,HUAWEI,Watch 2 Pro
541,HUAWEI,Mate 10 Lite
542,HUAWEI,P9 lite mini
543,HUAWEI,Y7 Prime
544,HUAWEI,MediaPad M3 Lite 8
545,HUAWEI,MediaPad T3 10
546,HUAWEI,MediaPad M3 Lite 10
547,HUAWEI,nova 2 plus
548,HUAWEI,nova 2
549,HUAWEI,Y6II Compact
550,HUAWEI,MediaPad T3 8.0
551,HUAWEI,MediaPad T3 7.0
552,HUAWEI,Y7
553,HUAWEI,Y6 (2017)
554,HUAWEI,Y5 (2017)
555,HUAWEI,Y3 (2017)
556,HUAWEI,Watch 2 Classic
557,HUAWEI,Watch 2
558,HUAWEI,P10 Plus
559,HUAWEI,P10
560,HUAWEI,P10 Lite
561,HUAWEI,P8 Lite (2017)
562,HUAWEI,Enjoy 6s
563,HUAWEI,Mate 9 Pro
564,HUAWEI,Mate 9 Porsche Design
565,HUAWEI,Mate 9
566,HUAWEI,Fit
567,HUAWEI,Enjoy 6
568,HUAWEI,MediaPad M3 8.4
569,HUAWEI,nova plus
570,HUAWEI,nova
571,HUAWEI,MediaPad T2 10.0 Pro
572,HUAWEI,MediaPad T2 7.0 Pro
573,HUAWEI,MediaPad T2 7.0
574,HUAWEI,G9 Plus
575,HUAWEI,MediaPad T1 7.0 Plus
576,HUAWEI,MediaPad M2 7.0
577,HUAWEI,Y3II
578,HUAWEI,Y5II
579,HUAWEI,P9 lite
580,HUAWEI,P9 Plus
581,HUAWEI,P9
582,HUAWEI,MediaPad M2 10.0
583,HUAWEI,Watch
584,HUAWEI,Enjoy 5s
585,HUAWEI,Mate 8
586,HUAWEI,G7 Plus
587,HUAWEI,Y6 Pro
588,HUAWEI,Nexus 6P
589,HUAWEI,Mate S
590,HUAWEI,Y6
591,HUAWEI,G8
592,HUAWEI,MediaPad M2 8.0
593,HUAWEI,Y560
594,HUAWEI,Y625
595,HUAWEI,P8lite ALE-L04
596,HUAWEI,P8lite
597,HUAWEI,P8max
598,HUAWEI,P8
599,HUAWEI,SnapTo
600,HUAWEI,MediaPad X2
601,HUAWEI,Y635
602,HUAWEI,Y360
603,HUAWEI,Ascend Y540
604,HUAWEI,Ascend G628
605,HUAWEI,Ascend Y520
606,HUAWEI,Ascend Y221
607,HUAWEI,Ascend GX1
608,HUAWEI,Ascend Mate7 Monarch
609,HUAWEI,MediaPad T1 10
610,HUAWEI,MediaPad T1 8.0
611,HUAWEI,MediaPad T1 7.0
612,HUAWEI,Ascend G620s
613,HUAWEI,Ascend Y550
614,HUAWEI,Ascend G7
615,HUAWEI,Ascend P7 Sapphire Edition
616,HUAWEI,Ascend Mate7
617,HUAWEI,Ascend G535
618,HUAWEI,Y300II
619,HUAWEI,Ascend G630
620,HUAWEI,Ascend Y330
621,HUAWEI,Ascend Plus
622,HUAWEI,Ascend P7
623,HUAWEI,Ascend P7 mini
624,HUAWEI,Ascend G730
625,HUAWEI,Ascend Y600
626,HUAWEI,MediaPad 10 Link+
627,HUAWEI,Ascend G6 4G
628,HUAWEI,Ascend G6
629,HUAWEI,MediaPad M1
630,HUAWEI,MediaPad X1
631,HUAWEI,Ascend Y530
632,HUAWEI,MediaPad 7 Youth2
633,HUAWEI,Ascend P6 S
634,HUAWEI,Ascend Mate2 4G
635,HUAWEI,Ascend Y320
636,HUAWEI,Ascend Y220
637,HUAWEI,Ascend G740
638,HUAWEI,Ascend Y511
639,HUAWEI,Ascend W2
640,HUAWEI,G6153
641,HUAWEI,G3621L
642,HUAWEI,Ascend G700
643,HUAWEI,G610s
644,HUAWEI,U8687 Cronos
645,HUAWEI,Ascend G525
646,HUAWEI,MediaPad 7 Youth
647,HUAWEI,MediaPad 7 Vogue
648,HUAWEI,Ascend P6
649,HUAWEI,Ascend Y300
650,HUAWEI,Premia 4G M931
651,HUAWEI,Ascend Y210D
652,HUAWEI,Ascend P2
653,HUAWEI,Ascend G615
654,HUAWEI,Ascend G526
655,HUAWEI,Ascend G350
656,HUAWEI,Ascend G312
657,HUAWEI,Ascend W1
658,HUAWEI,Ascend Mate
659,HUAWEI,Ascend D2
660,HUAWEI,Ascend G510
661,HUAWEI,Ascend G500
662,HUAWEI,Ascend Y201 Pro
663,HUAWEI,MediaPad 10 Link
664,HUAWEI,Ascend Y
665,HUAWEI,Summit
666,HUAWEI,Ascend P1 LTE
667,HUAWEI,Fusion 2 U8665
668,HUAWEI,Ascend G600
669,HUAWEI,Ascend G330
670,HUAWEI,MediaPad 7 Lite
671,HUAWEI,Ascend Y100
672,HUAWEI,Ascend Y200
673,HUAWEI,Ascend G330D U8825D
674,HUAWEI,Ascend G300
675,HUAWEI,Ascend P1 XL U9200E
676,HUAWEI,Ascend P1
677,HUAWEI,Ascend Q M5660
678,HUAWEI,G6005
679,HUAWEI,G6800
680,HUAWEI,G6310
681,HUAWEI,G5000
682,HUAWEI,Activa 4G
683,HUAWEI,G5520
684,HUAWEI,G6609
685,HUAWEI,Fusion U8652
686,HUAWEI,MediaPad 10 FHD
687,HUAWEI,Ascend D1 XL U9500E
688,HUAWEI,Ascend D1
689,HUAWEI,Ascend D quad XL
690,HUAWEI,Ascend D quad
691,HUAWEI,Ascend P1s
692,HUAWEI,M886 Mercury
693,HUAWEI,G7300
694,HUAWEI,G7005
695,HUAWEI,MediaPad
696,HUAWEI,MediaPad S7-301w
697,HUAWEI,D51 Discovery
698,HUAWEI,U8520 Duplex
699,HUAWEI,T8300
700,HUAWEI,U8350 Boulder
701,HUAWEI,Impulse 4G
702,HUAWEI,Pillar
703,HUAWEI,U8850 Vision
704,HUAWEI,Ascend II
705,HUAWEI,U8800 Pro
706,HUAWEI,G7206
707,HUAWEI,U5510
708,HUAWEI,G5500
709,HUAWEI,G6620
710,HUAWEI,U8650 Sonic
711,HUAWEI,U8180 IDEOS X1
712,HUAWEI,G6608
713,HUAWEI,G7010
714,HUAWEI,U5900s
715,HUAWEI,IDEOS S7 Slim
716,HUAWEI,IDEOS S7 Slim CDMA
717,HUAWEI,U9000 IDEOS X6
718,HUAWEI,U8800 IDEOS X5
719,HUAWEI,U8510 IDEOS X3
720,HUAWEI,U8150 IDEOS
721,HUAWEI,U8500 IDEOS X2
722,HUAWEI,U7520
723,HUAWEI,G6150
724,HUAWEI,G7002
725,HUAWEI,U8300
726,HUAWEI,IDEOS S7
727,HUAWEI,C3200
728,HUAWEI,U3100
729,HUAWEI,U8110
730,HUAWEI,U8100
731,HUAWEI,U8230
732,HUAWEI,U8220
733,HUAWEI,U7510
734,HUAWEI,U1270
735,HUAWEI,U9130 Compass
736,HUAWEI,U1250
737,HUAWEI,G6600 Passport
738,HUAWEI,U9150
739,HUAWEI,U7310
740,HUAWEI,U121
741,HUAWEI,U120
742,HUAWEI,U3300
743,HUAWEI,U1310
744,HUAWEI,U1100
745,HUAWEI,U1000
746,HUAWEI,T156
747,HUAWEI,T158
748,HUAWEI,T208
749,HUAWEI,T261L
750,HUAWEI,T211
751,HUAWEI,T161L
752,HUAWEI,T330
753,HUAWEI,T201
754,HUAWEI,T552
755,HUAWEI,Mate 30 Lite
756,HUAWEI,G10
757,HUAWEI,Mulan
758,HUAWEI,Ascend W3
759,LG,W41 Pro
760,LG,W41+
761,LG,W41
762,LG,W31+
763,LG,W31
764,LG,W11
765,LG,K92 5G
766,LG,K62
767,LG,Q52
768,LG,K52
769,LG,K42
770,LG,K71
771,LG,Wing 5G
772,LG,K22
773,LG,Q92 5G
774,LG,Q31
775,LG,K31
776,LG,Velvet 5G UW
777,LG,Q61
778,LG,Stylo 6
779,LG,Velvet
780,LG,Velvet 5G
781,LG,Folder 2
782,LG,V60 ThinQ 5G UW
783,LG,V60 ThinQ 5G
784,LG,Q51
785,LG,W10 Alpha
786,LG,K61
787,LG,K51S
788,LG,K41S
789,LG,G Pad 5 10.1
790,LG,V50S ThinQ 5G
791,LG,G8X ThinQ
792,LG,Q70
793,LG,K30 (2019)
794,LG,K20 (2019)
795,LG,K40S
796,LG,K50S
797,LG,W30 Pro
798,LG,W30
799,LG,W10
800,LG,Stylo 5
801,LG,V50 ThinQ 5G
802,LG,G8S ThinQ
803,LG,G8 ThinQ
804,LG,Q60
805,LG,K50
806,LG,K40
807,LG,Q9
808,LG,V40 ThinQ
809,LG,Watch W7
810,LG,Tribute Empire
811,LG,Candy
812,LG,G7 Fit
813,LG,G7 One
814,LG,Q8 (2018)
815,LG,K11 Plus
816,LG,Q Stylo 4
817,LG,Q Stylus
818,LG,V35 ThinQ
819,LG,Q7
820,LG,G7 ThinQ
821,LG,V30S ThinQ
822,LG,Zone 4
823,LG,X power 3
824,LG,K30
825,LG,K10 (2018)
826,LG,K8 (2018)
827,LG,Aristo 2
828,LG,X4+
829,LG,V30
830,LG,Q8 (2017)
831,LG,Q6
832,LG,G Pad IV 8.0 FHD
833,LG,X venture
834,LG,G6
835,LG,X power2
836,LG,Watch Sport
837,LG,Watch Style
838,LG,Stylo 3 Plus
839,LG,Stylus 3
840,LG,Harmony
841,LG,K20 plus
842,LG,K10 (2017)
843,LG,K8 (2017)
844,LG,K7 (2017)
845,LG,K4 (2017)
846,LG,K3 (2017)
847,LG,G Pad III 10.1 FHD
848,LG,U
849,LG,V20
850,LG,X Skin
851,LG,X5
852,LG,X max
853,LG,X mach
854,LG,G Pad III 8.0 FHD
855,LG,G Pad X 8.0
856,LG,X power
857,LG,X style
858,LG,Stylus 2 Plus
859,LG,Stylo 2
860,LG,K5
861,LG,K3
862,LG,G5 SE
863,LG,G5
864,LG,X cam
865,LG,X screen
866,LG,K8
867,LG,Stylus 2
868,LG,K10
869,LG,K7
870,LG,K4
871,LG,G Pad II 8.3 LTE
872,LG,Ray
873,LG,G Vista 2
874,LG,G Watch R W110
875,LG,Watch Urbane W150
876,LG,Watch Urbane 2nd Edition LTE
877,LG,V10
878,LG,Nexus 5X
879,LG,Zero
880,LG,G Pad II 10.1
881,LG,G Pad II 8.0 LTE
882,LG,Wine Smart
883,LG,Tribute 2
884,LG,Bello II
885,LG,G4 Beat
886,LG,G360
887,LG,G350
888,LG,G4c
889,LG,G4 Dual
890,LG,G4
891,LG,G Stylo
892,LG,G4 Stylus
893,LG,AKA
894,LG,Watch Urbane LTE
895,LG,G Watch W100
896,LG,Magna
897,LG,Spirit
898,LG,Leon
899,LG,Joy
900,LG,G Flex2
901,LG,Tribute
902,LG,L Prime
903,LG,G2 Lite
904,LG,G3 Dual-LTE
905,LG,G3 Screen
906,LG,F60
907,LG,L60
908,LG,L60 Dual
909,LG,G3 Stylus
910,LG,L Bello
911,LG,L Fino
912,LG,G Pad 8.0 LTE
913,LG,G Vista
914,LG,G3 A
915,LG,G Pad 7.0 LTE
916,LG,L50
917,LG,L30
918,LG,L20
919,LG,G Vista (CDMA)
920,LG,G3 LTE-A
921,LG,G3 S Dual
922,LG,G3 S
923,LG,L65 D280
924,LG,G3 (CDMA)
925,LG,G3
926,LG,450
927,LG,L35
928,LG,Volt
929,LG,G Pad 10.1 LTE
930,LG,G Pad 10.1
931,LG,G Pad 8.0
932,LG,G Pad 7.0
933,LG,L80
934,LG,L80 Dual
935,LG,Lucid 3 VS876
936,LG,L65 Dual D285
937,LG,G Pad 8.3 LTE
938,LG,F70 D315
939,LG,G2 mini LTE (Tegra)
940,LG,G2 mini LTE
941,LG,G2 mini
942,LG,L90 Dual D410
943,LG,L90 D405
944,LG,L70 D320N
945,LG,L70 Dual D325
946,LG,L45 Dual X132
947,LG,L40 D160
948,LG,L40 Dual D170
949,LG,G Pro 2
950,LG,Optimus L4 II Tri E470
951,LG,Optimus L1 II Tri E475
952,LG,Optimus F3Q
953,LG,GX F310L
954,LG,Nexus 5
955,LG,G Flex
956,LG,Fireweb
957,LG,G Pro Lite
958,LG,G Pro Lite Dual
959,LG,Optimus L2 II E435
960,LG,Vu 3 F300L
961,LG,G Pad 8.3
962,LG,G2
963,LG,Optimus L9 II
964,LG,Enact VS890
965,LG,Optimus GJ E975W
966,LG,Optimus L4 II Dual E445
967,LG,Optimus L4 II E440
968,LG,Optimus Zone VS410
969,LG,Optimus F3
970,LG,Lucid2 VS870
971,LG,Optimus F7
972,LG,Optimus F6
973,LG,Optimus F5
974,LG,Optimus G Pro E985
975,LG,Optimus L7 II Dual P715
976,LG,Optimus L7 II P710
977,LG,Optimus L5 II Dual E455
978,LG,Optimus L5 II E460
979,LG,Optimus L3 II Dual E435
980,LG,Optimus L3 II E430
981,LG,Optimus L1 II E410
982,LG,Nexus 4 E960
983,LG,A390
984,LG,A395
985,LG,C299
986,LG,Tri Chip C333
987,LG,Spectrum II 4G VS930
988,LG,Mach LS860
989,LG,Optimus L9 P769
990,LG,Optimus Vu II
991,LG,Optimus Vu II F200
992,LG,Optimus G E970
993,LG,Optimus G LS970
994,LG,Optimus G E975
995,LG,Intuition VS950
996,LG,Splendor US730
997,LG,Escape P870
998,LG,Optimus L5 Dual E615
999,LG,Optimus L9 P760
1000,LG,Motion 4G MS770
1001,LG,Optimus Vu P895
1002,LG,Optimus L3 E405
1003,LG,C199
1004,LG,T385
1005,LG,T375 Cookie Smart
1006,LG,Optimus Elite LS696
1007,LG,T370 Cookie Smart
1008,LG,Optimus LTE2
1009,LG,Optimus True HD LTE P936
1010,LG,Xpression C395
1011,LG,Lucid 4G VS840
1012,LG,Optimus M+ MS695
1013,LG,Optimus 4X HD P880
1014,LG,Optimus 3D Max P720
1015,LG,Optimus 3D Cube SU870
1016,LG,Optimus L7 P700
1017,LG,Optimus L5 E610
1018,LG,Optimus Vu F100S
1019,LG,Optimus LTE Tag
1020,LG,Optimus L3 E400
1021,LG,Optimus Pad LTE
1022,LG,Rumor Reflex  LN272
1023,LG,Connect 4G MS840
1024,LG,Viper 4G LTE LS840
1025,LG,Spectrum VS920
1026,LG,X350
1027,LG,Prada 3.0
1028,LG,Nitro HD
1029,LG,Optimus 4G LTE P935
1030,LG,Optimus 2 AS680
1031,LG,Extravert VN271
1032,LG,DoublePlay
1033,LG,Enlighten VS700
1034,LG,S367
1035,LG,Jil Sander Mobile
1036,LG,Optimus Slider
1037,LG,Optimus LTE SU640
1038,LG,Optimus LTE LU6200
1039,LG,Optimus EX SU880
1040,LG,Optimus Q2 LU6500
1041,LG,Optimus Hub E510
1042,LG,Optimus Sol E730
1043,LG,Optimus Net Dual
1044,LG,Optimus Net
1045,LG,Esteem MS910
1046,LG,Marquee LS855
1047,LG,Optimus Black (White version)
1048,LG,Optimus Pro C660
1049,LG,S365
1050,LG,A350
1051,LG,A258
1052,LG,A250
1053,LG,A270
1054,LG,A290
1055,LG,A230
1056,LG,A200
1057,LG,A190
1058,LG,T515 Cookie Duo
1059,LG,T510
1060,LG,T505
1061,LG,EGO T500
1062,LG,EGO Wi-Fi
1063,LG,C375 Cookie Tweet
1064,LG,C365
1065,LG,C360
1066,LG,A100
1067,LG,Optimus Big LU6800
1068,LG,Cosmos 2
1069,LG,US760 Genesis
1070,LG,Phoenix P505
1071,LG,Thrive P506
1072,LG,Thrill 4G P925
1073,LG,T315
1074,LG,Optimus 3D P920
1075,LG,Optimus Pad V900
1076,LG,A180
1077,LG,A165
1078,LG,A160
1079,LG,Optimus Chat C550
1080,LG,A140
1081,LG,Optimus Me P350
1082,LG,Optimus Black P970
1083,LG,Optimus 2X SU660
1084,LG,Optimus 2X
1085,LG,Optimus Mach LU3000
1086,LG,Revolution
1087,LG,X335
1088,LG,C310
1089,LG,Cookie WiFi T310i
1090,LG,GU200
1091,LG,A120
1092,LG,A155
1093,LG,S310
1094,LG,P525
1095,LG,P520
1096,LG,Axis
1097,LG,Apex
1098,LG,Cosmos Touch VN270
1099,LG,Vortex VS660
1100,LG,C320 InTouch Lady
1101,LG,GT550 Encore
1102,LG,GS390 Prime
1103,LG,Quantum
1104,LG,C900 Optimus 7Q 
1105,LG,E900 Optimus 7
1106,LG,Town C300
1107,LG,Optimus Chic E720
1108,LG,Optimus M
1109,LG,Octane
1110,LG,Optimus S
1111,LG,Optimus T
1112,LG,Optimus One P500
1113,LG,GW910
1114,LG,A130
1115,LG,GW370 Rumour Plus
1116,LG,GD550 Pure
1117,LG,KS365
1118,LG,GM650s
1119,LG,Scarlet II TV
1120,LG,Flick T320
1121,LG,Cookie 3G T320
1122,LG,Wink 3G T320
1123,LG,C710 Aloha
1124,LG,Cookie Style T310
1125,LG,Wink Style T310
1126,LG,Cookie Lite T300
1127,LG,C105
1128,LG,GX300
1129,LG,GU292
1130,LG,GM360 Viewty Snap
1131,LG,Fathom VS750
1132,LG,Vu Plus
1133,LG,GT400 Viewty Smile
1134,LG,SU420 Cafe
1135,LG,Optimus Z
1136,LG,SU920
1137,LG,KM570 Cookie Gig
1138,LG,Optimus Q LU2300
1139,LG,GX500
1140,LG,KH3900 Joypop
1141,LG,GT950 Arena
1142,LG,GB280
1143,LG,GS155
1144,LG,GS107
1145,LG,GS106
1146,LG,KP108
1147,LG,GD350
1148,LG,KH5200 Andro-1
1149,LG,GT540 Optimus
1150,LG,GT405
1151,LG,GS290 Cookie Fresh
1152,LG,GW990
1153,LG,GS500 Cookie Plus
1154,LG,GX200
1155,LG,KF305
1156,LG,GW880
1157,LG,GD880 Mini
1158,LG,Etna C330
1159,LG,Wink Plus GT350i
1160,LG,Town GT350
1161,LG,KU2100
1162,LG,GD580 Lollipop
1163,LG,GS200
1164,LG,GS190
1165,LG,GW820 eXpo
1166,LG,GU230 Dimsun
1167,LG,GD710 Shine II
1168,LG,GB160
1169,LG,GU285
1170,LG,8575 Samba
1171,LG,KM555E
1172,LG,GD310 
1173,LG,GD510 Pop
1174,LG,BL20 New Chocolate
1175,LG,CF360
1176,LG,GW620
1177,LG,GM750
1178,LG,BL40 New Chocolate
1179,LG,GW300
1180,LG,GB270
1181,LG,GB190
1182,LG,GB109
1183,LG,GB170
1184,LG,GW550
1185,LG,KB775 Scarlet
1186,LG,GT500 Puccini
1187,LG,GT505
1188,LG,GW520
1189,LG,GD900 Crystal
1190,LG,GC900 Viewty Smart
1191,LG,GB230 Julia
1192,LG,GD330
1193,LG,KS660
1194,LG,GB125
1195,LG,Xenon GR500
1196,LG,GB210
1197,LG,GM200 Brio
1198,LG,KC560
1199,LG,KM900 Arena
1200,LG,GM730 Eigen
1201,LG,KC910i Renoir
1202,LG,GB250
1203,LG,GB220
1204,LG,GB102
1205,LG,KT770
1206,LG,GB130
1207,LG,GM310
1208,LG,GM210
1209,LG,KM330
1210,LG,GB110
1211,LG,GB106
1212,LG,GD910
1213,LG,CT810 Incite
1214,LG,KP152
1215,LG,KS500
1216,LG,KF900 Prada
1217,LG,KC780
1218,LG,KP500 Cookie
1219,LG,KP501 Cookie
1220,LG,KP502 Cookie
1221,LG,KB770
1222,LG,KC910 Renoir
1223,LG,KP270
1224,LG,CB630 Invision
1225,LG,KF311
1226,LG,CP150
1227,LG,KP265
1228,LG,KP260
1229,LG,KP199
1230,LG,KP170
1231,LG,GT365 Neon
1232,LG,Univa E510
1233,LG,KS360
1234,LG,KF390
1235,LG,KF350
1236,LG,KF245
1237,LG,KF240
1238,LG,U370
1239,LG,HB620T
1240,LG,KC550
1241,LG,KF757 Secret
1242,LG,KF750 Secret
1243,LG,KF755 Secret
1244,LG,CU915 Vu
1245,LG,KF700
1246,LG,KF600
1247,LG,KF510
1248,LG,KP320
1249,LG,KT610
1250,LG,KT520
1251,LG,KM710
1252,LG,MG295
1253,LG,KF310
1254,LG,KF300
1255,LG,KM500
1256,LG,KM386
1257,LG,KM380
1258,LG,KM338
1259,LG,KG375
1260,LG,KP235
1261,LG,KP220
1262,LG,KP215
1263,LG,KP210
1264,LG,KP130
1265,LG,KP110
1266,LG,KP105
1267,LG,KP100
1268,LG,KU385
1269,LG,KU380
1270,LG,U960
1271,LG,KG290
1272,LG,KG288
1273,LG,KS20
1274,LG,KU990 Viewty
1275,LG,KE990 Viewty
1276,LG,KE590
1277,LG,KE500
1278,LG,KG280
1279,LG,KG275
1280,LG,MG160
1281,LG,KU580
1282,LG,KE850 Prada
1283,LG,KE970 Shine
1284,LG,KU970 Shine
1285,LG,KE770 Shine
1286,LG,CU720 Shine
1287,LG,KU950
1288,LG,KS10
1289,LG,KU311
1290,LG,Trax CU575
1291,LG,CU500V
1292,LG,CU515
1293,LG,CE110
1294,LG,KU250
1295,LG,KE260
1296,LG,KE800
1297,LG,KE820
1298,LG,KU800
1299,LG,L343i
1300,LG,U830
1301,LG,KP200
1302,LG,L600v
1303,LG,KP202
1304,LG,CU500
1305,LG,U400
1306,LG,U310
1307,LG,U300
1308,LG,KG800
1309,LG,KG810
1310,LG,KE600
1311,LG,KG330
1312,LG,KG320
1313,LG,CG180
1314,LG,KG300
1315,LG,KG200
1316,LG,KG270
1317,LG,KG195
1318,LG,KG920
1319,LG,KU730
1320,LG,U900
1321,LG,V9000
1322,LG,KG245
1323,LG,KG240
1324,LG,KG225
1325,LG,KG220
1326,LG,KG210
1327,LG,KG190
1328,LG,KG130
1329,LG,KG120
1330,LG,KG110
1331,LG,U890
1332,LG,C2600
1333,LG,U8550
1334,LG,M6100
1335,LG,C2500
1336,LG,C1150
1337,LG,S5300
1338,LG,S5200
1339,LG,S5100
1340,LG,S5000
1341,LG,U880
1342,LG,P7200
1343,LG,B2250
1344,LG,B2070
1345,LG,B2050
1346,LG,M4410
1347,LG,M4330
1348,LG,M4300
1349,LG,F3000
1350,LG,F2410
1351,LG,F2250
1352,LG,L342i
1353,LG,L341i
1354,LG,C3400
1355,LG,C3380
1356,LG,C3320
1357,LG,C3310
1358,LG,C3300
1359,LG,U8380
1360,LG,U8360
1361,LG,U8330
1362,LG,U8290
1363,LG,U8210
1364,LG,U8200
1365,LG,U8180
1366,LG,B2150
1367,LG,B2100
1368,LG,B2000
1369,LG,F2400
1370,LG,F1200
1371,LG,F7250
1372,LG,A7150
1373,LG,L5100
1374,LG,C2200
1375,LG,C2100
1376,LG,G1800
1377,LG,G1610
1378,LG,G1700
1379,LG,F2300
1380,LG,F2100
1381,LG,L3100
1382,LG,C3100
1383,LG,G3100
1384,LG,L1100
1385,LG,C1400
1386,LG,C1200
1387,LG,C1100
1388,LG,G1600
1389,LG,T5100
1390,LG,G7200
1391,LG,G7120
1392,LG,U8150
1393,LG,U8138
1394,LG,U8120
1395,LG,U8110
1396,LG,U8100
1397,LG,G7100
1398,LG,G7070
1399,LG,G7050
1400,LG,G7030
1401,LG,G1500
1402,LG,G5500
1403,LG,G5400
1404,LG,G5310
1405,LG,G5300
1406,LG,G8000
1407,LG,G7020
1408,LG,W7020
1409,LG,G7000
1410,LG,W7000
1411,LG,G5200
1412,LG,W5200
1413,LG,G3000
1414,LG,W3000
1415,LG,B1200
1416,LG,LG 510w
1417,LG,LG-600
1418,LG,LG-500
1419,MOTOROLA,G Pure
1420,MOTOROLA,Moto E40
1421,MOTOROLA,Tab G20
1422,MOTOROLA,Moto G60
1423,MOTOROLA,Moto E20
1424,MOTOROLA,Moto G50 5G
1425,MOTOROLA,Edge (2021)
1426,MOTOROLA,Edge 20 Fusion
1427,MOTOROLA,Moto G60S
1428,MOTOROLA,Edge 20 Pro
1429,MOTOROLA,Edge 20
1430,MOTOROLA,Edge 20 Lite
1431,MOTOROLA,one 5G UW ace
1432,MOTOROLA,Defy (2021)
1433,MOTOROLA,Moto G Stylus 5G
1434,MOTOROLA,Moto G20
1435,MOTOROLA,Moto G40 Fusion
1436,MOTOROLA,Moto G100
1437,MOTOROLA,Moto G50
1438,MOTOROLA,Moto G10 Power
1439,MOTOROLA,Moto E7i Power
1440,MOTOROLA,Moto E7 Power
1441,MOTOROLA,Moto G30
1442,MOTOROLA,Moto G10
1443,MOTOROLA,Moto E6i
1444,MOTOROLA,Edge S
1445,MOTOROLA,One 5G Ace
1446,MOTOROLA,Moto G Stylus (2021)
1447,MOTOROLA,Moto G Power (2021)
1448,MOTOROLA,Moto G Play (2021)
1449,MOTOROLA,Moto E7
1450,MOTOROLA,Moto G 5G
1451,MOTOROLA,Moto G9 Power
1452,MOTOROLA,Razr 5G
1453,MOTOROLA,Moto G9 Plus
1454,MOTOROLA,Moto E7 Plus
1455,MOTOROLA,One 5G UW
1456,MOTOROLA,One 5G
1457,MOTOROLA,Moto G9 Play
1458,MOTOROLA,Moto G9 (India)
1459,MOTOROLA,Moto G 5G Plus
1460,MOTOROLA,One Fusion
1461,MOTOROLA,One Fusion+
1462,MOTOROLA,One Vision Plus
1463,MOTOROLA,Moto G Fast
1464,MOTOROLA,Moto E (2020)
1465,MOTOROLA,Moto G Pro
1466,MOTOROLA,Edge+
1467,MOTOROLA,Edge
1468,MOTOROLA,Moto G8 Power Lite
1469,MOTOROLA,Moto E6s (2020)
1470,MOTOROLA,Moto G8
1471,MOTOROLA,Moto G Stylus
1472,MOTOROLA,Moto G Power
1473,MOTOROLA,Moto G8 Power
1474,MOTOROLA,One Hyper
1475,MOTOROLA,Razr 2019
1476,MOTOROLA,Moto G8 Play
1477,MOTOROLA,Moto E6 Play
1478,MOTOROLA,Moto G8 Plus
1479,MOTOROLA,One Macro
1480,MOTOROLA,Moto E6 Plus
1481,MOTOROLA,One Zoom
1482,MOTOROLA,One Action
1483,MOTOROLA,Moto E6
1484,MOTOROLA,Moto Z4
1485,MOTOROLA,One Vision
1486,MOTOROLA,Moto G7 Plus
1487,MOTOROLA,Moto G7
1488,MOTOROLA,Moto G7 Power
1489,MOTOROLA,Moto G7 Play
1490,MOTOROLA,One (P30 Play)
1491,MOTOROLA,One Power (P30 Note)
1492,MOTOROLA,Moto Z3
1493,MOTOROLA,Moto Z3 Play
1494,MOTOROLA,Moto E5 Cruise
1495,MOTOROLA,Moto E5 Play Go
1496,MOTOROLA,Moto E5 Play
1497,MOTOROLA,Moto E5 Plus
1498,MOTOROLA,Moto E5
1499,MOTOROLA,P30
1500,MOTOROLA,Moto G6 Play
1501,MOTOROLA,Moto G6 Plus
1502,MOTOROLA,Moto G6
1503,MOTOROLA,Moto X5
1504,MOTOROLA,Moto X4
1505,MOTOROLA,Moto G5S Plus
1506,MOTOROLA,Moto G5S
1507,MOTOROLA,Moto Z2 Force
1508,MOTOROLA,Moto E4 Plus
1509,MOTOROLA,Moto E4 Plus (USA)
1510,MOTOROLA,Moto E4
1511,MOTOROLA,Moto E4 (USA)
1512,MOTOROLA,Moto Z2 Play
1513,MOTOROLA,Moto C Plus
1514,MOTOROLA,Moto C
1515,MOTOROLA,Moto G5 Plus
1516,MOTOROLA,Moto G5
1517,MOTOROLA,Moto M
1518,MOTOROLA,Moto E3 Power
1519,MOTOROLA,Moto Z Play
1520,MOTOROLA,Moto E3
1521,MOTOROLA,Moto Z Force
1522,MOTOROLA,Moto Z
1523,MOTOROLA,Moto G4 Plus
1524,MOTOROLA,Moto G4
1525,MOTOROLA,Moto G4 Play
1526,MOTOROLA,Moto G Turbo
1527,MOTOROLA,Moto X Force
1528,MOTOROLA,Droid Turbo 2
1529,MOTOROLA,Droid Maxx 2
1530,MOTOROLA,Moto X Style
1531,MOTOROLA,Moto X Play Dual SIM
1532,MOTOROLA,Moto X Play
1533,MOTOROLA,Moto G Dual SIM (3rd gen)
1534,MOTOROLA,Moto 360 Sport (1st gen)
1535,MOTOROLA,Moto 360 42mm (2nd gen)
1536,MOTOROLA,Moto 360 46mm (2nd gen)
1537,MOTOROLA,Moto 360 (1st gen)
1538,MOTOROLA,Moto G (3rd gen)
1539,MOTOROLA,Moto E Dual SIM (2nd gen)
1540,MOTOROLA,Moto E (2nd gen)
1541,MOTOROLA,Moto G 4G (2nd gen)
1542,MOTOROLA,Moto G 4G Dual SIM (2nd gen)
1543,MOTOROLA,Moto Maxx
1544,MOTOROLA,DROID Turbo
1545,MOTOROLA,Nexus 6
1546,MOTOROLA,Moto X (2nd Gen)
1547,MOTOROLA,Moto G Dual SIM (2nd gen)
1548,MOTOROLA,Moto G (2nd gen)
1549,MOTOROLA,Moto G 4G
1550,MOTOROLA,Luge
1551,MOTOROLA,Moto E
1552,MOTOROLA,Moto E Dual SIM
1553,MOTOROLA,Moto G Dual SIM
1554,MOTOROLA,Moto G
1555,MOTOROLA,Moto X
1556,MOTOROLA,DROID Ultra
1557,MOTOROLA,DROID Maxx
1558,MOTOROLA,DROID Mini
1559,MOTOROLA,RAZR D3 XT919
1560,MOTOROLA,RAZR D1
1561,MOTOROLA,Electrify M XT905
1562,MOTOROLA,RAZR i XT890
1563,MOTOROLA,DROID RAZR MAXX HD
1564,MOTOROLA,DROID RAZR HD
1565,MOTOROLA,RAZR HD XT925
1566,MOTOROLA,DROID RAZR M
1567,MOTOROLA,RAZR M XT905
1568,MOTOROLA,DEFY XT XT556
1569,MOTOROLA,Electrify 2 XT881
1570,MOTOROLA,Photon Q 4G LTE XT897
1571,MOTOROLA,Defy Pro XT560
1572,MOTOROLA,ATRIX HD MB886
1573,MOTOROLA,XT760
1574,MOTOROLA,ATRIX TV XT687
1575,MOTOROLA,ATRIX TV XT682
1576,MOTOROLA,MotoGO TV EX440
1577,MOTOROLA,Motosmart Me XT303
1578,MOTOROLA,MOTOKEY 3-CHIP EX117
1579,MOTOROLA,RAZR V XT885
1580,MOTOROLA,RAZR V XT889
1581,MOTOROLA,RAZR V MT887
1582,MOTOROLA,MOTOSMART MIX XT550
1583,MOTOROLA,MotoGO EX430
1584,MOTOROLA,Motosmart Flip XT611
1585,MOTOROLA,XT390
1586,MOTOROLA,RAZR MAXX
1587,MOTOROLA,DEFY XT535
1588,MOTOROLA,GLEAM+ WX308
1589,MOTOROLA,DROID 4 XT894
1590,MOTOROLA,DROID RAZR MAXX
1591,MOTOROLA,Motoluxe MT680
1592,MOTOROLA,Motoluxe XT389
1593,MOTOROLA,Motoluxe
1594,MOTOROLA,Defy Mini XT321
1595,MOTOROLA,Defy Mini XT320
1596,MOTOROLA,XT319
1597,MOTOROLA,WX306
1598,MOTOROLA,Fire
1599,MOTOROLA,MT917
1600,MOTOROLA,XT928
1601,MOTOROLA,DROID XYBOARD 8.2 MZ609 
1602,MOTOROLA,DROID XYBOARD 10.1 MZ617
1603,MOTOROLA,XT532
1604,MOTOROLA,MOTO XT615
1605,MOTOROLA,EX226
1606,MOTOROLA,Motokey Social
1607,MOTOROLA,XOOM 2 Media Edition 3G MZ608
1608,MOTOROLA,XOOM 2 Media Edition MZ607
1609,MOTOROLA,XOOM 2 3G MZ616
1610,MOTOROLA,XOOM 2 MZ615
1611,MOTOROLA,XOOM Media Edition MZ505
1612,MOTOROLA,RAZR XT910
1613,MOTOROLA,DROID RAZR XT912
1614,MOTOROLA,ATRIX 2 MB865
1615,MOTOROLA,Admiral XT603
1616,MOTOROLA,ME632
1617,MOTOROLA,PRO+
1618,MOTOROLA,DEFY+
1619,MOTOROLA,EX212
1620,MOTOROLA,EX119
1621,MOTOROLA,MOTOKEY XT EX118
1622,MOTOROLA,MOTOKEY Mini EX109
1623,MOTOROLA,MOTOKEY Mini EX108
1624,MOTOROLA,WX294
1625,MOTOROLA,FIRE XT
1626,MOTOROLA,FIRE XT311
1627,MOTOROLA,SPICE Key XT317
1628,MOTOROLA,SPICE Key
1629,MOTOROLA,MILESTONE 3 XT860
1630,MOTOROLA,DROID 3
1631,MOTOROLA,Triumph
1632,MOTOROLA,Photon 4G MB855
1633,MOTOROLA,EX232
1634,MOTOROLA,WILDER
1635,MOTOROLA,MOTO MT870
1636,MOTOROLA,MOTO MT620
1637,MOTOROLA,Milestone XT883
1638,MOTOROLA,MOTO XT882
1639,MOTOROLA,MOTO XT316
1640,MOTOROLA,XPRT MB612
1641,MOTOROLA,GLEAM
1642,MOTOROLA,PRO
1643,MOTOROLA,XOOM MZ604
1644,MOTOROLA,XOOM MZ601
1645,MOTOROLA,XOOM MZ600
1646,MOTOROLA,ATRIX
1647,MOTOROLA,ATRIX 4G
1648,MOTOROLA,Cliq 2
1649,MOTOROLA,DROID BIONIC XT875
1650,MOTOROLA,DROID BIONIC XT865
1651,MOTOROLA,DROID X ME811
1652,MOTOROLA,MOTO ME525
1653,MOTOROLA,MILESTONE 2 ME722
1654,MOTOROLA,DROID 2 Global
1655,MOTOROLA,EX122
1656,MOTOROLA,EX128
1657,MOTOROLA,MOTOTV EX245
1658,MOTOROLA,DROID PRO XT610
1659,MOTOROLA,XT301
1660,MOTOROLA,SPICE XT300
1661,MOTOROLA,FLIPSIDE MB508
1662,MOTOROLA,MOTO MT716
1663,MOTOROLA,BRAVO MB520
1664,MOTOROLA,CITRUS WX445
1665,MOTOROLA,EX300
1666,MOTOROLA,EX210
1667,MOTOROLA,EX201
1668,MOTOROLA,EX115
1669,MOTOROLA,EX112
1670,MOTOROLA,CUPE
1671,MOTOROLA,DEFY
1672,MOTOROLA,MILESTONE 2
1673,MOTOROLA,DROID 2
1674,MOTOROLA,MT810lx
1675,MOTOROLA,XT810
1676,MOTOROLA,XT806
1677,MOTOROLA,A1260
1678,MOTOROLA,A1680
1679,MOTOROLA,Grasp WX404
1680,MOTOROLA,Rambler
1681,MOTOROLA,CHARM
1682,MOTOROLA,ES400
1683,MOTOROLA,DROID X2
1684,MOTOROLA,DROID X
1685,MOTOROLA,MILESTONE XT720
1686,MOTOROLA,XT720 MOTOROI
1687,MOTOROLA,Quench XT5 XT502
1688,MOTOROLA,Quench XT3 XT502
1689,MOTOROLA,WX295
1690,MOTOROLA,FlipOut
1691,MOTOROLA,WX290
1692,MOTOROLA,WX265
1693,MOTOROLA,WX260
1694,MOTOROLA,WX181
1695,MOTOROLA,WX161
1696,MOTOROLA,QUENCH
1697,MOTOROLA,BACKFLIP
1698,MOTOROLA,XT800 ZHISHANG
1699,MOTOROLA,XT701
1700,MOTOROLA,MT710 ZHILING
1701,MOTOROLA,MOTO XT702
1702,MOTOROLA,MILESTONE
1703,MOTOROLA,WX395
1704,MOTOROLA,WX390
1705,MOTOROLA,WX288
1706,MOTOROLA,WX280
1707,MOTOROLA,WX180
1708,MOTOROLA,WX160
1709,MOTOROLA,Motocubo A45
1710,MOTOROLA,DEXT MB220
1711,MOTOROLA,ROKR ZN50
1712,MOTOROLA,Karma QA1
1713,MOTOROLA,L800t
1714,MOTOROLA,W7 Active Edition
1715,MOTOROLA,ROKR W6
1716,MOTOROLA,MC55
1717,MOTOROLA,ZN300
1718,MOTOROLA,E11
1719,MOTOROLA,A3100
1720,MOTOROLA,A3000
1721,MOTOROLA,Tundra VA76r
1722,MOTOROLA,W233 Renew
1723,MOTOROLA,COCKTAIL VE70
1724,MOTOROLA,VE66
1725,MOTOROLA,EM35
1726,MOTOROLA,Aura
1727,MOTOROLA,Q 11
1728,MOTOROLA,VE538
1729,MOTOROLA,RAZR2 V9x
1730,MOTOROLA,ZN200
1731,MOTOROLA,W396
1732,MOTOROLA,W231
1733,MOTOROLA,EM30
1734,MOTOROLA,EM28
1735,MOTOROLA,EM25
1736,MOTOROLA,PEBL VU20
1737,MOTOROLA,MOTOACTV W450
1738,MOTOROLA,VE75
1739,MOTOROLA,ZN5
1740,MOTOROLA,A1210
1741,MOTOROLA,A1600
1742,MOTOROLA,A1890
1743,MOTOROLA,A1800
1744,MOTOROLA,A810
1745,MOTOROLA,W388
1746,MOTOROLA,Z9
1747,MOTOROLA,Z6w
1748,MOTOROLA,Z6c
1749,MOTOROLA,W181
1750,MOTOROLA,W177
1751,MOTOROLA,W161
1752,MOTOROLA,W270
1753,MOTOROLA,W230
1754,MOTOROLA,RIZR Z10
1755,MOTOROLA,ROKR E8
1756,MOTOROLA,W377
1757,MOTOROLA,W213
1758,MOTOROLA,W180
1759,MOTOROLA,W160
1760,MOTOROLA,U9
1761,MOTOROLA,V1100
1762,MOTOROLA,PEBL U3
1763,MOTOROLA,RAZR2 V9
1764,MOTOROLA,RAZR2 V8
1765,MOTOROLA,ROKR W5
1766,MOTOROLA,W490
1767,MOTOROLA,W395
1768,MOTOROLA,W380
1769,MOTOROLA,W360
1770,MOTOROLA,W218
1771,MOTOROLA,RIZR Z8
1772,MOTOROLA,KRZR K3
1773,MOTOROLA,SLVR L9
1774,MOTOROLA,Q 9h
1775,MOTOROLA,Q8
1776,MOTOROLA,W510
1777,MOTOROLA,W215
1778,MOTOROLA,W205
1779,MOTOROLA,ROKR Z6
1780,MOTOROLA,ROKR E6
1781,MOTOROLA,SLVR L7e
1782,MOTOROLA,RAZR maxx V6
1783,MOTOROLA,RAZR V3xx
1784,MOTOROLA,RIZR Z3
1785,MOTOROLA,KRZR K1
1786,MOTOROLA,W209
1787,MOTOROLA,W375
1788,MOTOROLA,W208
1789,MOTOROLA,MOTOFONE F3
1790,MOTOROLA,W220
1791,MOTOROLA,V195
1792,MOTOROLA,V191
1793,MOTOROLA,ROKR E2
1794,MOTOROLA,RAZR V3i
1795,MOTOROLA,ROKR E1
1796,MOTOROLA,A910
1797,MOTOROLA,A1200
1798,MOTOROLA,A728
1799,MOTOROLA,A732
1800,MOTOROLA,E895
1801,MOTOROLA,V3x
1802,MOTOROLA,E1070
1803,MOTOROLA,E770
1804,MOTOROLA,SLVR L7
1805,MOTOROLA,PEBL U6
1806,MOTOROLA,A1010
1807,MOTOROLA,E1060
1808,MOTOROLA,E1120
1809,MOTOROLA,V1050
1810,MOTOROLA,C261
1811,MOTOROLA,C257
1812,MOTOROLA,C168
1813,MOTOROLA,C139
1814,MOTOROLA,C123
1815,MOTOROLA,C118
1816,MOTOROLA,C117
1817,MOTOROLA,C113a
1818,MOTOROLA,C113
1819,MOTOROLA,C390
1820,MOTOROLA,E680i
1821,MOTOROLA,V560
1822,MOTOROLA,V557
1823,MOTOROLA,V361
1824,MOTOROLA,V360
1825,MOTOROLA,L6
1826,MOTOROLA,L2
1827,MOTOROLA,V235
1828,MOTOROLA,V230
1829,MOTOROLA,V186
1830,MOTOROLA,V176
1831,MOTOROLA,E378i
1832,MOTOROLA,V635
1833,MOTOROLA,A668
1834,MOTOROLA,V980
1835,MOTOROLA,C980
1836,MOTOROLA,V535
1837,MOTOROLA,V547
1838,MOTOROLA,E375
1839,MOTOROLA,RAZR V3
1840,MOTOROLA,Droid Bionic Targa
1841,MOTOROLA,Droid XTreme
1842,MOTOROLA,A780
1843,MOTOROLA,V975
1844,MOTOROLA,C975
1845,MOTOROLA,V620
1846,MOTOROLA,V555
1847,MOTOROLA,A840
1848,MOTOROLA,E680
1849,MOTOROLA,E398
1850,MOTOROLA,C650
1851,MOTOROLA,V226
1852,MOTOROLA,V188
1853,MOTOROLA,V171
1854,MOTOROLA,C155
1855,MOTOROLA,C116
1856,MOTOROLA,C115
1857,MOTOROLA,MPx
1858,MOTOROLA,MPx220
1859,MOTOROLA,MPx100
1860,MOTOROLA,V872
1861,MOTOROLA,V1000
1862,MOTOROLA,E1000
1863,MOTOROLA,A1000
1864,MOTOROLA,A768i
1865,MOTOROLA,A630
1866,MOTOROLA,C380/C385
1867,MOTOROLA,V80
1868,MOTOROLA,C289
1869,MOTOROLA,C205
1870,MOTOROLA,V400p
1871,MOTOROLA,V220
1872,MOTOROLA,V180
1873,MOTOROLA,V878
1874,MOTOROLA,A925
1875,MOTOROLA,A920
1876,MOTOROLA,V750
1877,MOTOROLA,MPx200
1878,MOTOROLA,V690
1879,MOTOROLA,V525
1880,MOTOROLA,V501
1881,MOTOROLA,V500
1882,MOTOROLA,V303
1883,MOTOROLA,V300
1884,MOTOROLA,V600
1885,MOTOROLA,V150
1886,MOTOROLA,E390
1887,MOTOROLA,C550
1888,MOTOROLA,C450
1889,MOTOROLA,C250
1890,MOTOROLA,C230
1891,MOTOROLA,C200
1892,MOTOROLA,A835
1893,MOTOROLA,A830
1894,MOTOROLA,A760
1895,MOTOROLA,V295
1896,MOTOROLA,V291
1897,MOTOROLA,V290
1898,MOTOROLA,A388c
1899,MOTOROLA,C350
1900,MOTOROLA,T725
1901,MOTOROLA,T720i
1902,MOTOROLA,T720
1903,MOTOROLA,T190
1904,MOTOROLA,E380
1905,MOTOROLA,E365
1906,MOTOROLA,E360
1907,MOTOROLA,V70
1908,MOTOROLA,C336
1909,MOTOROLA,C333
1910,MOTOROLA,C332
1911,MOTOROLA,C331
1912,MOTOROLA,C300
1913,MOTOROLA,V60i
1914,MOTOROLA,V66i
1915,MOTOROLA,Accompli 388
1916,MOTOROLA,V60
1917,MOTOROLA,Accompli 008
1918,MOTOROLA,Timeport 280
1919,MOTOROLA,Timeport 260
1920,MOTOROLA,Timeport 250
1921,MOTOROLA,Talkabout T192
1922,MOTOROLA,Talkabout T191
1923,MOTOROLA,Accompli 009
1924,MOTOROLA,V.box(V100)
1925,MOTOROLA,V66
1926,MOTOROLA,V50
1927,MOTOROLA,T180
1928,MOTOROLA,A6188
1929,MOTOROLA,v8088
1930,MOTOROLA,Talkabout T2288
1931,MOTOROLA,V2288
1932,MOTOROLA,Timeport P7389
1933,MOTOROLA,Timeport L7089
1934,MOTOROLA,V3690
1935,MOTOROLA,V3688
1936,MOTOROLA,StarTAC 130
1937,MOTOROLA,StarTAC 85
1938,MOTOROLA,StarTAC Rainbow
1939,MOTOROLA,StarTAC 75+
1940,MOTOROLA,StarTAC 75
1941,MOTOROLA,SlimLite
1942,MOTOROLA,cd930
1943,MOTOROLA,cd920
1944,MOTOROLA,M3188
1945,MOTOROLA,M3288
1946,MOTOROLA,M3588
1947,MOTOROLA,M3688
1948,MOTOROLA,M3788
1949,MOTOROLA,M3888
1950,MOTOROLA,d520
1951,MOTOROLA,Moto Z4 Force
1952,MOTOROLA,Moto Z4 Play
1953,MOTOROLA,P40
1954,NOKIA,T20
1955,NOKIA,G50
1956,NOKIA,XR20
1957,NOKIA,C30
1958,NOKIA,6310 (2021)
1959,NOKIA,C1 2nd Edition
1960,NOKIA,110 4G
1961,NOKIA,105 4G
1962,NOKIA,C20 Plus
1963,NOKIA,C01 Plus
1964,NOKIA,X20
1965,NOKIA,X10
1966,NOKIA,G20
1967,NOKIA,G10
1968,NOKIA,C20
1969,NOKIA,C10
1970,NOKIA,1.4
1971,NOKIA,5.4
1972,NOKIA,C1 Plus
1973,NOKIA,8000 4G
1974,NOKIA,6300 4G
1975,NOKIA,8 V 5G UW
1976,NOKIA,2 V Tella
1977,NOKIA,225 4G
1978,NOKIA,215 4G
1979,NOKIA,3.4
1980,NOKIA,2.4
1981,NOKIA,C3
1982,NOKIA,C5 Endi
1983,NOKIA,C2 Tennen
1984,NOKIA,C2 Tava
1985,NOKIA,150 (2020)
1986,NOKIA,125
1987,NOKIA,8.3 5G
1988,NOKIA,5.3
1989,NOKIA,1.3
1990,NOKIA,5310 (2020)
1991,NOKIA,C2
1992,NOKIA,C1
1993,NOKIA,2.3
1994,NOKIA,7.2
1995,NOKIA,6.2
1996,NOKIA,800 Tough
1997,NOKIA,2720 V Flip
1998,NOKIA,2720 Flip
1999,NOKIA,220 4G
2000,NOKIA,110 (2019)
2001,NOKIA,105 (2019)
2002,NOKIA,3.1 C
2003,NOKIA,3.1 A
2004,NOKIA,2.2
2005,NOKIA,X71
2006,NOKIA,9 PureView
2007,NOKIA,4.2
2008,NOKIA,3 V
2009,NOKIA,3.2
2010,NOKIA,1 Plus
2011,NOKIA,210
2012,NOKIA,8.1 (Nokia X7)
2013,NOKIA,106 (2018)
2014,NOKIA,3.1 Plus
2015,NOKIA,7.1
2016,NOKIA,6.1 Plus (Nokia X6)
2017,NOKIA,5.1 Plus (Nokia X5)
2018,NOKIA,5.1
2019,NOKIA,3.1
2020,NOKIA,2.1
2021,NOKIA,8110 4G
2022,NOKIA,8 Sirocco
2023,NOKIA,7 plus
2024,NOKIA,6.1
2025,NOKIA,1
2026,NOKIA,3310 4G
2027,NOKIA,2
2028,NOKIA,7
2029,NOKIA,3310 3G
2030,NOKIA,8
2031,NOKIA,105 (2017)
2032,NOKIA,130 (2017)
2033,NOKIA,3
2034,NOKIA,5
2035,NOKIA,6
2036,NOKIA,3310 (2017)
2037,NOKIA,150
2038,NOKIA,216
2039,NOKIA,230 Dual SIM
2040,NOKIA,230
2041,NOKIA,222 Dual SIM
2042,NOKIA,222
2043,NOKIA,105 Dual SIM (2015)
2044,NOKIA,105 (2015)
2045,NOKIA,215
2046,NOKIA,215 Dual SIM
2047,NOKIA,Lumia 638
2048,NOKIA,N1
2049,NOKIA,Lumia 730 Dual SIM
2050,NOKIA,Lumia 735
2051,NOKIA,Lumia 830
2052,NOKIA,130 Dual SIM
2053,NOKIA,130
2054,NOKIA,Lumia 530 Dual SIM
2055,NOKIA,Lumia 530
2056,NOKIA,X2 Dual SIM
2057,NOKIA,225
2058,NOKIA,225 Dual SIM
2059,NOKIA,Lumia 930
2060,NOKIA,Lumia 635
2061,NOKIA,Lumia 630 Dual SIM
2062,NOKIA,Lumia 630
2063,NOKIA,XL
2064,NOKIA,X+
2065,NOKIA,X
2066,NOKIA,Asha 230
2067,NOKIA,220
2068,NOKIA,Lumia Icon
2069,NOKIA,Lumia 525
2070,NOKIA,Lumia 1520
2071,NOKIA,Lumia 1320
2072,NOKIA,Lumia 2520
2073,NOKIA,Asha 503 Dual SIM
2074,NOKIA,Asha 503
2075,NOKIA,Asha 502 Dual SIM
2076,NOKIA,Asha 500 Dual SIM
2077,NOKIA,Asha 500
2078,NOKIA,108 Dual SIM
2079,NOKIA,515
2080,NOKIA,107 Dual SIM
2081,NOKIA,106
2082,NOKIA,Lumia 625
2083,NOKIA,Lumia 1020
2084,NOKIA,208
2085,NOKIA,207
2086,NOKIA,Lumia 925
2087,NOKIA,Lumia 928
2088,NOKIA,Asha 501
2089,NOKIA,Asha 210
2090,NOKIA,Lumia 720
2091,NOKIA,Lumia 520
2092,NOKIA,301
2093,NOKIA,105
2094,NOKIA,Asha 310
2095,NOKIA,Lumia 505
2096,NOKIA,Lumia 620
2097,NOKIA,114
2098,NOKIA,206
2099,NOKIA,Asha 205
2100,NOKIA,109
2101,NOKIA,Lumia 822
2102,NOKIA,Lumia 510
2103,NOKIA,Lumia 810
2104,NOKIA,Asha 309
2105,NOKIA,Asha 308
2106,NOKIA,Lumia 920
2107,NOKIA,Lumia 820
2108,NOKIA,Asha 311
2109,NOKIA,Asha 306
2110,NOKIA,Asha 305
2111,NOKIA,113
2112,NOKIA,112
2113,NOKIA,111
2114,NOKIA,110
2115,NOKIA,Lumia 610 NFC
2116,NOKIA,103
2117,NOKIA,808 PureView
2118,NOKIA,800c
2119,NOKIA,Lumia 610
2120,NOKIA,Asha 302
2121,NOKIA,Asha 203
2122,NOKIA,Asha 202
2123,NOKIA,Lumia 900
2124,NOKIA,Lumia 900 AT&T
2125,NOKIA,801T
2126,NOKIA,X2-02
2127,NOKIA,Lumia 800
2128,NOKIA,Lumia 710 T-Mobile
2129,NOKIA,Lumia 710
2130,NOKIA,Asha 303
2131,NOKIA,Asha 300
2132,NOKIA,Asha 201
2133,NOKIA,Asha 200
2134,NOKIA,603
2135,NOKIA,C2-05
2136,NOKIA,X2-05
2137,NOKIA,C5-06
2138,NOKIA,C5-05
2139,NOKIA,C5-04
2140,NOKIA,101
2141,NOKIA,100
2142,NOKIA,701
2143,NOKIA,700
2144,NOKIA,600
2145,NOKIA,C3-01 Gold Edition
2146,NOKIA,500
2147,NOKIA,N9
2148,NOKIA,C5 5MP
2149,NOKIA,C2-06
2150,NOKIA,C2-03
2151,NOKIA,C2-02
2152,NOKIA,702T
2153,NOKIA,T7
2154,NOKIA,N950
2155,NOKIA,Oro
2156,NOKIA,X1-01
2157,NOKIA,X7-00
2158,NOKIA,E6
2159,NOKIA,C7 Astound
2160,NOKIA,X1-00
2161,NOKIA,X2-01
2162,NOKIA,C2-01
2163,NOKIA,C5-03
2164,NOKIA,E7
2165,NOKIA,C6-01
2166,NOKIA,C7
2167,NOKIA,C3-01 Touch and Type
2168,NOKIA,5250
2169,NOKIA,X3 Touch and Type S
2170,NOKIA,X3-02 Touch and Type
2171,NOKIA,X6 8GB (2010)
2172,NOKIA,X5-01
2173,NOKIA,5233
2174,NOKIA,E73 Mode
2175,NOKIA,C2-00
2176,NOKIA,C1-02
2177,NOKIA,C1-01
2178,NOKIA,C1-00
2179,NOKIA,N8
2180,NOKIA,X2-00
2181,NOKIA,C6
2182,NOKIA,E5
2183,NOKIA,C3 (2010)
2184,NOKIA,C5
2185,NOKIA,C5 TD-SCDMA
2186,NOKIA,X5 TD-SCDMA
2187,NOKIA,6303i classic
2188,NOKIA,5132 XpressMusic
2189,NOKIA,X6 16GB (2010)
2190,NOKIA,2710 Navigation Edition
2191,NOKIA,X6 (2009)
2192,NOKIA,6700 slide
2193,NOKIA,7230
2194,NOKIA,5330 Mobile TV Edition
2195,NOKIA,2690
2196,NOKIA,2220 slide
2197,NOKIA,1800
2198,NOKIA,1616
2199,NOKIA,1280
2200,NOKIA,5235 Comes With Music
2201,NOKIA,6788
2202,NOKIA,N97 mini
2203,NOKIA,X3
2204,NOKIA,N900
2205,NOKIA,5230
2206,NOKIA,3208c
2207,NOKIA,5800 Navigation Edition
2208,NOKIA,6350
2209,NOKIA,Mural
2210,NOKIA,6760 slide
2211,NOKIA,6790 Surge
2212,NOKIA,3720 classic
2213,NOKIA,5530 XpressMusic
2214,NOKIA,E72
2215,NOKIA,3710 fold
2216,NOKIA,6730 classic
2217,NOKIA,6600i slide
2218,NOKIA,7020
2219,NOKIA,2720 fold
2220,NOKIA,2730 classic
2221,NOKIA,E52
2222,NOKIA,6216 classic
2223,NOKIA,5730 XpressMusic
2224,NOKIA,5330 XpressMusic
2225,NOKIA,5030 XpressRadio
2226,NOKIA,N86 8MP
2227,NOKIA,E75
2228,NOKIA,E55
2229,NOKIA,6720 classic
2230,NOKIA,6710 Navigator
2231,NOKIA,5630 XpressMusic
2232,NOKIA,6700 classic
2233,NOKIA,6303 classic
2234,NOKIA,2700 classic
2235,NOKIA,6208c
2236,NOKIA,8800 Gold Arte
2237,NOKIA,N97
2238,NOKIA,6260 slide
2239,NOKIA,E63
2240,NOKIA,7100 Supernova
2241,NOKIA,5130 XpressMusic
2242,NOKIA,2330 classic
2243,NOKIA,2323 classic
2244,NOKIA,1662
2245,NOKIA,1661
2246,NOKIA,1202
2247,NOKIA,5800 XpressMusic
2248,NOKIA,N85
2249,NOKIA,N79
2250,NOKIA,8800 Carbon Arte
2251,NOKIA,3610 fold
2252,NOKIA,7610 Supernova
2253,NOKIA,7510 Supernova
2254,NOKIA,7310 Supernova
2255,NOKIA,7210 Supernova
2256,NOKIA,E71
2257,NOKIA,E66
2258,NOKIA,703
2259,NOKIA,6600 fold
2260,NOKIA,6600 slide
2261,NOKIA,3600 slide
2262,NOKIA,5320 XpressMusic
2263,NOKIA,5220 XpressMusic
2264,NOKIA,6212 classic
2265,NOKIA,5000
2266,NOKIA,7070 Prism
2267,NOKIA,2680 slide
2268,NOKIA,1680 classic
2269,NOKIA,6300i
2270,NOKIA,N96
2271,NOKIA,N78
2272,NOKIA,6220 classic
2273,NOKIA,6210 Navigator
2274,NOKIA,6124 classic
2275,NOKIA,6650 fold
2276,NOKIA,3555
2277,NOKIA,3120 classic
2278,NOKIA,7900 Crystal Prism
2279,NOKIA,2600 classic
2280,NOKIA,1209
2281,NOKIA,3110 Evolve
2282,NOKIA,N82
2283,NOKIA,8800 Sapphire Arte
2284,NOKIA,8800 Arte
2285,NOKIA,6301
2286,NOKIA,E51
2287,NOKIA,E51 camera-free
2288,NOKIA,6263
2289,NOKIA,N81 8GB
2290,NOKIA,N81
2291,NOKIA,N95 8GB
2292,NOKIA,5610 XpressMusic
2293,NOKIA,5310 XpressMusic
2294,NOKIA,6555
2295,NOKIA,7900 Prism
2296,NOKIA,7500 Prism
2297,NOKIA,8600 Luna
2298,NOKIA,6500 slide
2299,NOKIA,6500 classic
2300,NOKIA,N810
2301,NOKIA,3500 classic
2302,NOKIA,N87
2303,NOKIA,2630
2304,NOKIA,6267
2305,NOKIA,2760
2306,NOKIA,2660
2307,NOKIA,1650
2308,NOKIA,1208
2309,NOKIA,1200
2310,NOKIA,6120 classic
2311,NOKIA,6121 classic
2312,NOKIA,5700
2313,NOKIA,5070
2314,NOKIA,E90
2315,NOKIA,E65
2316,NOKIA,E61i
2317,NOKIA,N77
2318,NOKIA,6110 Navigator
2319,NOKIA,N800
2320,NOKIA,3109 classic
2321,NOKIA,3110 classic
2322,NOKIA,N76
2323,NOKIA,N93i
2324,NOKIA,6290
2325,NOKIA,6086
2326,NOKIA,6300
2327,NOKIA,2626
2328,NOKIA,N95
2329,NOKIA,N75
2330,NOKIA,5300
2331,NOKIA,5200
2332,NOKIA,6288
2333,NOKIA,6085
2334,NOKIA,8800 Sirocco
2335,NOKIA,7390
2336,NOKIA,7373
2337,NOKIA,6151
2338,NOKIA,6080
2339,NOKIA,1110i
2340,NOKIA,E50
2341,NOKIA,5500 Sport
2342,NOKIA,N93
2343,NOKIA,N73
2344,NOKIA,N72
2345,NOKIA,2610
2346,NOKIA,2310
2347,NOKIA,1112
2348,NOKIA,6136
2349,NOKIA,6133
2350,NOKIA,6131 NFC
2351,NOKIA,6131
2352,NOKIA,6126
2353,NOKIA,6070
2354,NOKIA,6125
2355,NOKIA,6103
2356,NOKIA,6233
2357,NOKIA,6234
2358,NOKIA,6282
2359,NOKIA,9300i
2360,NOKIA,N92
2361,NOKIA,N80
2362,NOKIA,N71
2363,NOKIA,7380
2364,NOKIA,7370
2365,NOKIA,7360
2366,NOKIA,E70
2367,NOKIA,E62
2368,NOKIA,E61
2369,NOKIA,E60
2370,NOKIA,3250
2371,NOKIA,6708
2372,NOKIA,6280
2373,NOKIA,6270
2374,NOKIA,6111
2375,NOKIA,6060
2376,NOKIA,N91
2377,NOKIA,N90
2378,NOKIA,N70
2379,NOKIA,2652
2380,NOKIA,1600
2381,NOKIA,1110
2382,NOKIA,1101
2383,NOKIA,5140i
2384,NOKIA,8800
2385,NOKIA,6230i
2386,NOKIA,6021
2387,NOKIA,6030
2388,NOKIA,6680
2389,NOKIA,6681
2390,NOKIA,6101
2391,NOKIA,6822
2392,NOKIA,7710
2393,NOKIA,6020
2394,NOKIA,3230
2395,NOKIA,6670
2396,NOKIA,7280
2397,NOKIA,7270
2398,NOKIA,7260
2399,NOKIA,9300
2400,NOKIA,6630
2401,NOKIA,6260
2402,NOKIA,6170
2403,NOKIA,3128
2404,NOKIA,2650
2405,NOKIA,2600
2406,NOKIA,3220
2407,NOKIA,N-Gage QD
2408,NOKIA,3120
2409,NOKIA,7610
2410,NOKIA,9500
2411,NOKIA,5140
2412,NOKIA,6610i
2413,NOKIA,3108
2414,NOKIA,7700
2415,NOKIA,7200
2416,NOKIA,6230
2417,NOKIA,6820
2418,NOKIA,6810
2419,NOKIA,3660
2420,NOKIA,7600
2421,NOKIA,3200
2422,NOKIA,2300
2423,NOKIA,1100
2424,NOKIA,6620
2425,NOKIA,6600
2426,NOKIA,3100
2427,NOKIA,7250i
2428,NOKIA,6108
2429,NOKIA,6220
2430,NOKIA,3300
2431,NOKIA,N-Gage
2432,NOKIA,7250
2433,NOKIA,8910i
2434,NOKIA,6800
2435,NOKIA,6100
2436,NOKIA,5100
2437,NOKIA,2100
2438,NOKIA,6650
2439,NOKIA,3650
2440,NOKIA,3530
2441,NOKIA,3510i
2442,NOKIA,6610
2443,NOKIA,3610
2444,NOKIA,9210i Communicator
2445,NOKIA,7210
2446,NOKIA,6310i
2447,NOKIA,3510
2448,NOKIA,3410
2449,NOKIA,7650
2450,NOKIA,8910
2451,NOKIA,6510
2452,NOKIA,6500
2453,NOKIA,8855
2454,NOKIA,5210
2455,NOKIA,5510
2456,NOKIA,8310
2457,NOKIA,6310
2458,NOKIA,3350
2459,NOKIA,3330
2460,NOKIA,8250
2461,NOKIA,9210 Communicator
2462,NOKIA,3310
2463,NOKIA,8890
2464,NOKIA,8210
2465,NOKIA,8850
2466,NOKIA,8810
2467,NOKIA,6250
2468,NOKIA,6210
2469,NOKIA,7110
2470,NOKIA,9110i Communicator
2471,NOKIA,9000 Communicator
2472,NOKIA,3210
2473,NOKIA,6150
2474,OPPO,A55
2475,OPPO,F19s
2476,OPPO,K9 Pro
2477,OPPO,Reno6 Pro 5G (Snapdragon)
2478,OPPO,Reno6
2479,OPPO,Watch 2
2480,OPPO,Reno6 Z
2481,OPPO,A16
2482,OPPO,Reno6 Pro+ 5G
2483,OPPO,Reno6 Pro 5G
2484,OPPO,Reno6 5G
2485,OPPO,K9
2486,OPPO,A53s 5G
2487,OPPO,A95 5G
2488,OPPO,A94 5G
2489,OPPO,A35
2490,OPPO,Reno5 Z
2491,OPPO,A54 5G
2492,OPPO,A74 5G
2493,OPPO,A74
2494,OPPO,F19
2495,OPPO,A54
2496,OPPO,Find X3 Pro
2497,OPPO,Find X3
2498,OPPO,Find X3 Neo
2499,OPPO,Find X3 Lite
2500,OPPO,F19 Pro+ 5G
2501,OPPO,F19 Pro
2502,OPPO,Reno5 Lite
2503,OPPO,A94
2504,OPPO,Reno5 F
2505,OPPO,Reno5 K
2506,OPPO,A55 5G
2507,OPPO,A93s 5G
2508,OPPO,A93 5G
2509,OPPO,A15s
2510,OPPO,Reno5 4G
2511,OPPO,Reno5 Pro+ 5G
2512,OPPO,A53 5G
2513,OPPO,Reno5 Pro 5G
2514,OPPO,Reno5 5G
2515,OPPO,A73 5G
2516,OPPO,Reno4 F
2517,OPPO,A15
2518,OPPO,A53s
2519,OPPO,A73
2520,OPPO,A93
2521,OPPO,Reno4 Z 5G
2522,OPPO,Reno4 Lite
2523,OPPO,A33 (2020)
2524,OPPO,Reno4 SE
2525,OPPO,F17 Pro
2526,OPPO,F17
2527,OPPO,A32
2528,OPPO,A53
2529,OPPO,Watch
2530,OPPO,K7x
2531,OPPO,Reno4 Pro
2532,OPPO,Reno4
2533,OPPO,A72 5G
2534,OPPO,A12s
2535,OPPO,Reno4 Pro 5G
2536,OPPO,Reno4 5G
2537,OPPO,A92
2538,OPPO,Find X2 Neo
2539,OPPO,A92s
2540,OPPO,A72
2541,OPPO,A52
2542,OPPO,A11k
2543,OPPO,A12
2544,OPPO,K7 5G
2545,OPPO,Find X2 Lite
2546,OPPO,Ace2
2547,OPPO,A12e
2548,OPPO,Reno3
2549,OPPO,Find X2 Pro
2550,OPPO,Find X2
2551,OPPO,Reno3 Pro
2552,OPPO,A31
2553,OPPO,F15
2554,OPPO,Reno3 Pro 5G
2555,OPPO,Reno3 Youth
2556,OPPO,Reno3 5G
2557,OPPO,A91
2558,OPPO,A8
2559,OPPO,A11
2560,OPPO,K5
2561,OPPO,Reno Ace
2562,OPPO,Reno A
2563,OPPO,A5 (2020)
2564,OPPO,A9 (2020)
2565,OPPO,Reno2
2566,OPPO,Reno2 F
2567,OPPO,Reno2 Z
2568,OPPO,Reno Z
2569,OPPO,K3
2570,OPPO,A9x
2571,OPPO,A9
2572,OPPO,Reno 5G
2573,OPPO,Reno 10x zoom
2574,OPPO,Reno
2575,OPPO,A1k
2576,OPPO,A7n
2577,OPPO,A5s (AX5s)
2578,OPPO,F11
2579,OPPO,F11 Pro
2580,OPPO,A7
2581,OPPO,R15x
2582,OPPO,RX17 Neo
2583,OPPO,K1
2584,OPPO,A7x
2585,OPPO,RX17 Pro
2586,OPPO,R17
2587,OPPO,F9 (F9 Pro)
2588,OPPO,A3s
2589,OPPO,A5 (AX5)
2590,OPPO,Find X Lamborghini
2591,OPPO,Find X
2592,OPPO,F7 Youth
2593,OPPO,A3
2594,OPPO,F7
2595,OPPO,R15 Pro
2596,OPPO,R15
2597,OPPO,A1
2598,OPPO,A71 (2018)
2599,OPPO,A83
2600,OPPO,F5 Youth
2601,OPPO,R11s Plus
2602,OPPO,F5
2603,OPPO,R11s
2604,OPPO,A71
2605,OPPO,A77
2606,OPPO,R11 Plus
2607,OPPO,R11
2608,OPPO,A77 (Mediatek)
2609,OPPO,A39
2610,OPPO,F3
2611,OPPO,F3 Plus
2612,OPPO,A57
2613,OPPO,F1s
2614,OPPO,R9s Plus
2615,OPPO,R9s
2616,OPPO,A37
2617,OPPO,A59
2618,OPPO,R9 Plus
2619,OPPO,F1 Plus
2620,OPPO,F1
2621,OPPO,A53 (2015)
2622,OPPO,A33 (2015)
2623,OPPO,Neo 7
2624,OPPO,R7s
2625,OPPO,R7 lite
2626,OPPO,R5s
2627,OPPO,Mirror 5s
2628,OPPO,Mirror 5
2629,OPPO,Joy 3
2630,OPPO,R7 Plus
2631,OPPO,R7
2632,OPPO,Neo 5 (2015)
2633,OPPO,Neo 5s
2634,OPPO,Joy Plus
2635,OPPO,Mirror 3
2636,OPPO,A31 (2015)
2637,OPPO,R1x
2638,OPPO,U3
2639,OPPO,R5
2640,OPPO,N3
2641,OPPO,R1S
2642,OPPO,Neo 3
2643,OPPO,Find 5 Mini
2644,OPPO,R2001 Yoyo
2645,OPPO,R1001 Joy
2646,OPPO,Neo 5
2647,OPPO,R3
2648,OPPO,N1 mini
2649,OPPO,Find 7
2650,OPPO,Find 7a
2651,OPPO,Neo
2652,OPPO,R1 R829T
2653,OPPO,N1
2654,OPPO,R819
2655,OPPO,Find 5
2656,OPPO,U705T Ulike 2
2657,OPPO,R601
2658,OPPO,R821T FInd Muse
2659,OPPO,R811 Real
2660,OPPO,T29
2661,OPPO,R817 Real
2662,OPPO,R815T Clover
2663,OPPO,Find
2664,OPPO,U701 Ulike
2665,PALM,Palm
2666,PALM,Pre 2
2667,PALM,Pre 2 CDMA
2668,PALM,Pixi Plus
2669,PALM,Pre Plus
2670,PALM,Pixi
2671,PALM,Pre
2672,PALM,Treo Pro
2673,PALM,Centro
2674,PALM,Treo 500v
2675,PALM,Treo 750
2676,PALM,Treo 680
2677,PALM,Treo 750v
2678,PALM,Treo 650
2679,PALM,Treo 600
2680,PALM,Treo 270
2681,PALM,Treo 180
2682,SAMSUNG,Galaxy F42 5G
2683,SAMSUNG,Galaxy M52 5G
2684,SAMSUNG,Galaxy M22
2685,SAMSUNG,Galaxy M32 5G
2686,SAMSUNG,Galaxy A03s
2687,SAMSUNG,Galaxy A52s 5G
2688,SAMSUNG,Galaxy Z Fold3 5G
2689,SAMSUNG,Galaxy Z Flip3 5G
2690,SAMSUNG,Galaxy Watch4 Classic
2691,SAMSUNG,Galaxy Watch4
2692,SAMSUNG,Galaxy A12 (India)
2693,SAMSUNG,Galaxy A12 Nacho
2694,SAMSUNG,Galaxy M21 2021
2695,SAMSUNG,Galaxy F22
2696,SAMSUNG,Galaxy M32
2697,SAMSUNG,Galaxy A22 5G
2698,SAMSUNG,Galaxy A22
2699,SAMSUNG,Galaxy Tab A7 Lite
2700,SAMSUNG,Galaxy Tab S7 FE
2701,SAMSUNG,Galaxy F52 5G
2702,SAMSUNG,Galaxy M42 5G
2703,SAMSUNG,Galaxy M12
2704,SAMSUNG,Galaxy Quantum 2
2705,SAMSUNG,Galaxy F12
2706,SAMSUNG,Galaxy F02s
2707,SAMSUNG,Galaxy A72
2708,SAMSUNG,Galaxy A52 5G
2709,SAMSUNG,Galaxy A52
2710,SAMSUNG,Galaxy Xcover 5
2711,SAMSUNG,Galaxy A32
2712,SAMSUNG,Galaxy M62
2713,SAMSUNG,Galaxy F62
2714,SAMSUNG,Galaxy M12 (India)
2715,SAMSUNG,Galaxy S21 Ultra 5G
2716,SAMSUNG,Galaxy S21+ 5G
2717,SAMSUNG,Galaxy S21 5G
2718,SAMSUNG,Galaxy A32 5G
2719,SAMSUNG,Galaxy M02s
2720,SAMSUNG,Galaxy A12
2721,SAMSUNG,Galaxy M02
2722,SAMSUNG,Galaxy A02
2723,SAMSUNG,Galaxy A02s
2724,SAMSUNG,Galaxy M21s
2725,SAMSUNG,Galaxy M31 Prime
2726,SAMSUNG,Galaxy F41
2727,SAMSUNG,Galaxy Tab Active3
2728,SAMSUNG,Galaxy S20 FE 5G
2729,SAMSUNG,Galaxy S20 FE
2730,SAMSUNG,Galaxy A42 5G
2731,SAMSUNG,Galaxy Tab A7 10.4 (2020)
2732,SAMSUNG,Galaxy M51
2733,SAMSUNG,Galaxy A51 5G UW
2734,SAMSUNG,Galaxy Z Fold2 5G
2735,SAMSUNG,Galaxy Note20 Ultra 5G
2736,SAMSUNG,Galaxy Note20 Ultra
2737,SAMSUNG,Galaxy Note20 5G
2738,SAMSUNG,Galaxy Note20
2739,SAMSUNG,Galaxy Watch3
2740,SAMSUNG,Galaxy Tab S7+
2741,SAMSUNG,Galaxy Tab S7
2742,SAMSUNG,Galaxy Z Flip 5G
2743,SAMSUNG,Galaxy M31s
2744,SAMSUNG,Galaxy M01s
2745,SAMSUNG,Galaxy M01 Core
2746,SAMSUNG,Galaxy A01 Core
2747,SAMSUNG,Galaxy A71 5G UW
2748,SAMSUNG,Galaxy M01
2749,SAMSUNG,Galaxy A21s
2750,SAMSUNG,Galaxy J2 Core (2020)
2751,SAMSUNG,Galaxy A Quantum
2752,SAMSUNG,Galaxy A71 5G
2753,SAMSUNG,Galaxy A51 5G
2754,SAMSUNG,Galaxy A21
2755,SAMSUNG,Galaxy Tab A 8.4 (2020)
2756,SAMSUNG,Galaxy Tab S6 Lite
2757,SAMSUNG,Galaxy M11
2758,SAMSUNG,Galaxy A31
2759,SAMSUNG,Galaxy A41
2760,SAMSUNG,Galaxy M21
2761,SAMSUNG,Galaxy A11
2762,SAMSUNG,Galaxy M31
2763,SAMSUNG,Galaxy S20 Ultra 5G
2764,SAMSUNG,Galaxy S20 Ultra
2765,SAMSUNG,Galaxy S20+ 5G
2766,SAMSUNG,Galaxy S20+
2767,SAMSUNG,Galaxy S20 5G UW
2768,SAMSUNG,Galaxy S20 5G
2769,SAMSUNG,Galaxy S20
2770,SAMSUNG,Galaxy Z Flip
2771,SAMSUNG,Galaxy Tab S6 5G
2772,SAMSUNG,Galaxy Xcover Pro
2773,SAMSUNG,Galaxy Note10 Lite
2774,SAMSUNG,Galaxy S10 Lite
2775,SAMSUNG,Galaxy A01
2776,SAMSUNG,Galaxy A71
2777,SAMSUNG,Galaxy A51
2778,SAMSUNG,Galaxy Xcover FieldPro
2779,SAMSUNG,Galaxy A70s
2780,SAMSUNG,Galaxy A20s
2781,SAMSUNG,Galaxy M30s
2782,SAMSUNG,Galaxy M10s
2783,SAMSUNG,Galaxy Fold 5G
2784,SAMSUNG,Galaxy Fold
2785,SAMSUNG,Galaxy Tab Active Pro
2786,SAMSUNG,Galaxy A90 5G
2787,SAMSUNG,Galaxy A30s
2788,SAMSUNG,Galaxy A50s
2789,SAMSUNG,Galaxy Note10+ 5G
2790,SAMSUNG,Galaxy Note10+
2791,SAMSUNG,Galaxy Note10 5G
2792,SAMSUNG,Galaxy Note10
2793,SAMSUNG,Galaxy Watch Active2
2794,SAMSUNG,Galaxy Watch Active2 Aluminum
2795,SAMSUNG,Galaxy A10s
2796,SAMSUNG,Galaxy A10e
2797,SAMSUNG,Galaxy Tab S6
2798,SAMSUNG,Galaxy Tab A 8.0 (2019)
2799,SAMSUNG,Galaxy Xcover 4s
2800,SAMSUNG,Galaxy A2 Core
2801,SAMSUNG,Galaxy Watch Active
2802,SAMSUNG,Galaxy View2
2803,SAMSUNG,Galaxy S10 5G
2804,SAMSUNG,Galaxy S10+
2805,SAMSUNG,Galaxy S10
2806,SAMSUNG,Galaxy S10e
2807,SAMSUNG,Galaxy M40
2808,SAMSUNG,Galaxy M30
2809,SAMSUNG,Galaxy M20
2810,SAMSUNG,Galaxy M10
2811,SAMSUNG,Galaxy A80
2812,SAMSUNG,Galaxy A70
2813,SAMSUNG,Galaxy A60
2814,SAMSUNG,Galaxy A50
2815,SAMSUNG,Galaxy A40
2816,SAMSUNG,Galaxy A30
2817,SAMSUNG,Galaxy A20e
2818,SAMSUNG,Galaxy A20
2819,SAMSUNG,Galaxy A10
2820,SAMSUNG,Galaxy Tab S5e
2821,SAMSUNG,Galaxy Tab A 10.1 (2019)
2822,SAMSUNG,Galaxy Tab A 8.0 & S Pen (2019)
2823,SAMSUNG,Galaxy Tab Advanced2
2824,SAMSUNG,Galaxy Tab A 8.0 (2018)
2825,SAMSUNG,Galaxy Tab S4 10.5
2826,SAMSUNG,Galaxy Tab A 10.5
2827,SAMSUNG,Galaxy A8s
2828,SAMSUNG,Galaxy A6s
2829,SAMSUNG,Galaxy A9 (2018)
2830,SAMSUNG,Galaxy A7 (2018)
2831,SAMSUNG,Galaxy Note9
2832,SAMSUNG,Galaxy Watch
2833,SAMSUNG,Galaxy J6+
2834,SAMSUNG,Galaxy J4 Core
2835,SAMSUNG,Galaxy J4+
2836,SAMSUNG,Galaxy J2 Core
2837,SAMSUNG,Galaxy On6
2838,SAMSUNG,Galaxy J7 (2018)
2839,SAMSUNG,Galaxy J3 (2018)
2840,SAMSUNG,Galaxy A8 Star (A9 Star)
2841,SAMSUNG,Galaxy S Light Luxury
2842,SAMSUNG,Galaxy J8
2843,SAMSUNG,Galaxy J6
2844,SAMSUNG,Galaxy J4
2845,SAMSUNG,Galaxy A6+ (2018)
2846,SAMSUNG,Galaxy A6 (2018)
2847,SAMSUNG,Galaxy J7 Duo
2848,SAMSUNG,Galaxy J7 Prime 2
2849,SAMSUNG,Galaxy S9+
2850,SAMSUNG,Galaxy S9
2851,SAMSUNG,Galaxy J2 Pro (2018)
2852,SAMSUNG,Galaxy A8+ (2018)
2853,SAMSUNG,Galaxy A8 (2018)
2854,SAMSUNG,Galaxy J2 (2017)
2855,SAMSUNG,Galaxy Tab Active 2
2856,SAMSUNG,Galaxy Tab A 8.0 (2017)
2857,SAMSUNG,Galaxy C7 (2017)
2858,SAMSUNG,Gear Sport
2859,SAMSUNG,Galaxy Note8
2860,SAMSUNG,Galaxy S8 Active
2861,SAMSUNG,Galaxy J7 V
2862,SAMSUNG,Galaxy Note FE
2863,SAMSUNG,Galaxy J7 Max
2864,SAMSUNG,Galaxy J7 (2017)
2865,SAMSUNG,Galaxy J7 Pro
2866,SAMSUNG,Galaxy J5 (2017)
2867,SAMSUNG,Galaxy J3 (2017)
2868,SAMSUNG,Galaxy Folder2
2869,SAMSUNG,Z4
2870,SAMSUNG,Galaxy S8
2871,SAMSUNG,Galaxy S8+
2872,SAMSUNG,Gear S3 classic LTE
2873,SAMSUNG,Galaxy C5 Pro
2874,SAMSUNG,Galaxy Xcover 4
2875,SAMSUNG,Galaxy Tab S3 9.7
2876,SAMSUNG,Galaxy J1 mini prime
2877,SAMSUNG,Galaxy J3 Emerge
2878,SAMSUNG,Galaxy C7 Pro
2879,SAMSUNG,Galaxy A7 (2017)
2880,SAMSUNG,Galaxy A5 (2017)
2881,SAMSUNG,Galaxy A3 (2017)
2882,SAMSUNG,Galaxy Grand Prime Plus
2883,SAMSUNG,Galaxy J2 Prime
2884,SAMSUNG,Galaxy C9 Pro
2885,SAMSUNG,Galaxy C10
2886,SAMSUNG,Galaxy A8 (2016)
2887,SAMSUNG,Galaxy On8
2888,SAMSUNG,Galaxy On7 (2016)
2889,SAMSUNG,Gear S3 classic
2890,SAMSUNG,Gear S3 frontier
2891,SAMSUNG,Gear S3 frontier LTE
2892,SAMSUNG,Galaxy J5 Prime
2893,SAMSUNG,Galaxy J7 Prime
2894,SAMSUNG,Z2
2895,SAMSUNG,Galaxy Note7 (USA)
2896,SAMSUNG,Galaxy Note7
2897,SAMSUNG,Galaxy On7 Pro
2898,SAMSUNG,Galaxy On5 Pro
2899,SAMSUNG,Galaxy Tab J
2900,SAMSUNG,Galaxy J Max
2901,SAMSUNG,Galaxy J2 Pro (2016)
2902,SAMSUNG,Galaxy J2 (2016)
2903,SAMSUNG,Z3 Corporate
2904,SAMSUNG,Galaxy Xcover 3 G389F
2905,SAMSUNG,Galaxy S7 active
2906,SAMSUNG,Galaxy J3 Pro
2907,SAMSUNG,Galaxy C7
2908,SAMSUNG,Galaxy C5
2909,SAMSUNG,Galaxy A9 Pro (2016)
2910,SAMSUNG,Galaxy J7 (2016)
2911,SAMSUNG,Galaxy J5 (2016)
2912,SAMSUNG,Galaxy Tab A 10.1 (2016)
2913,SAMSUNG,Galaxy Tab A 7.0 (2016)
2914,SAMSUNG,Galaxy S7
2915,SAMSUNG,Galaxy S7 edge
2916,SAMSUNG,Galaxy S7 edge (USA)
2917,SAMSUNG,Galaxy S7 (USA)
2918,SAMSUNG,Galaxy J1 Nxt
2919,SAMSUNG,Gear S2 classic 3G
2920,SAMSUNG,Galaxy Tab E 8.0
2921,SAMSUNG,Galaxy J1 (2016)
2922,SAMSUNG,Galaxy A9 (2016)
2923,SAMSUNG,Galaxy A7 (2016)
2924,SAMSUNG,Galaxy A5 (2016)
2925,SAMSUNG,Galaxy A3 (2016)
2926,SAMSUNG,Galaxy Express Prime
2927,SAMSUNG,Galaxy J3 (2016)
2928,SAMSUNG,Galaxy View
2929,SAMSUNG,Galaxy On7
2930,SAMSUNG,Galaxy On5
2931,SAMSUNG,Z3
2932,SAMSUNG,Galaxy J1 Ace
2933,SAMSUNG,Gear S2 classic
2934,SAMSUNG,Gear S2
2935,SAMSUNG,Gear S2 3G
2936,SAMSUNG,Galaxy Note5 (USA)
2937,SAMSUNG,Galaxy Note5
2938,SAMSUNG,Galaxy Note5 Duos
2939,SAMSUNG,Galaxy S6 edge+ (USA)
2940,SAMSUNG,Galaxy S6 edge+
2941,SAMSUNG,Galaxy S6 edge+ Duos
2942,SAMSUNG,Galaxy S5 Neo
2943,SAMSUNG,Galaxy S4 mini I9195I
2944,SAMSUNG,Galaxy Folder
2945,SAMSUNG,Galaxy Tab S2 9.7
2946,SAMSUNG,Galaxy Tab S2 8.0
2947,SAMSUNG,Galaxy A8 Duos
2948,SAMSUNG,Galaxy A8
2949,SAMSUNG,Galaxy V Plus
2950,SAMSUNG,Galaxy J7 Nxt
2951,SAMSUNG,Galaxy J7
2952,SAMSUNG,Galaxy J5
2953,SAMSUNG,Galaxy Tab 4 10.1 (2015)
2954,SAMSUNG,Galaxy Tab E 9.6
2955,SAMSUNG,Guru Plus 
2956,SAMSUNG,Metro 360
2957,SAMSUNG,Xcover 550
2958,SAMSUNG,Galaxy S6 active
2959,SAMSUNG,Galaxy Tab 3 V
2960,SAMSUNG,Galaxy Tab A 9.7 & S Pen
2961,SAMSUNG,Galaxy Tab A 9.7
2962,SAMSUNG,Galaxy Tab A 8.0 & S Pen (2015)
2963,SAMSUNG,Galaxy Tab A 8.0 (2015)
2964,SAMSUNG,Galaxy Xcover 3
2965,SAMSUNG,Galaxy S6 edge (USA)
2966,SAMSUNG,Galaxy S6 (USA)
2967,SAMSUNG,Galaxy S6 Plus
2968,SAMSUNG,Galaxy S6 edge
2969,SAMSUNG,Galaxy S6 Duos
2970,SAMSUNG,Galaxy S6
2971,SAMSUNG,Galaxy J1 4G
2972,SAMSUNG,Galaxy J2
2973,SAMSUNG,Galaxy J1
2974,SAMSUNG,Galaxy Tab 3 Lite 7.0 VE
2975,SAMSUNG,Z1
2976,SAMSUNG,Galaxy A7 Duos
2977,SAMSUNG,Galaxy A7
2978,SAMSUNG,Galaxy Grand Max
2979,SAMSUNG,Galaxy E7
2980,SAMSUNG,Galaxy E5
2981,SAMSUNG,Galaxy Core Prime
2982,SAMSUNG,Galaxy A5 Duos
2983,SAMSUNG,Galaxy A5
2984,SAMSUNG,Galaxy A3 Duos
2985,SAMSUNG,Galaxy A3
2986,SAMSUNG,Galaxy S5 Plus
2987,SAMSUNG,Galaxy Pocket 2
2988,SAMSUNG,Galaxy V
2989,SAMSUNG,Galaxy Grand Prime Duos TV
2990,SAMSUNG,Galaxy Grand Prime
2991,SAMSUNG,Galaxy Ace Style LTE G357
2992,SAMSUNG,Galaxy Note Edge
2993,SAMSUNG,Galaxy Note 4 Duos
2994,SAMSUNG,Galaxy Note 4 (USA)
2995,SAMSUNG,Galaxy Note 4
2996,SAMSUNG,Galaxy Tab Active LTE
2997,SAMSUNG,Galaxy Tab Active
2998,SAMSUNG,Galaxy Mega 2
2999,SAMSUNG,Gear S
3000,SAMSUNG,Gear 2 Neo
3001,SAMSUNG,Gear Live
3002,SAMSUNG,Gear 2
3003,SAMSUNG,Galaxy Gear
3004,SAMSUNG,Galaxy S5 LTE-A G901F
3005,SAMSUNG,Galaxy Alpha (S801)
3006,SAMSUNG,Galaxy Alpha
3007,SAMSUNG,Galaxy S5 mini Duos
3008,SAMSUNG,Galaxy Avant
3009,SAMSUNG,Galaxy S Duos 3
3010,SAMSUNG,Guru Music 2
3011,SAMSUNG,Metro 312
3012,SAMSUNG,Galaxy Tab 4 8.0 (2015)
3013,SAMSUNG,Galaxy Ace NXT
3014,SAMSUNG,Galaxy Star 2 Plus
3015,SAMSUNG,Galaxy S5 mini
3016,SAMSUNG,Galaxy Ace 4 LTE G313
3017,SAMSUNG,Galaxy Ace 4
3018,SAMSUNG,Galaxy Young 2
3019,SAMSUNG,Galaxy Star 2
3020,SAMSUNG,Galaxy Core II
3021,SAMSUNG,Galaxy S5 Sport
3022,SAMSUNG,Galaxy S5 LTE-A G906S
3023,SAMSUNG,Galaxy Tab S 8.4 LTE
3024,SAMSUNG,Galaxy Tab S 8.4
3025,SAMSUNG,Galaxy Tab S 10.5 LTE
3026,SAMSUNG,Galaxy Tab S 10.5
3027,SAMSUNG,Galaxy Core Lite LTE
3028,SAMSUNG,I9301I Galaxy S3 Neo
3029,SAMSUNG,Galaxy W
3030,SAMSUNG,Z
3031,SAMSUNG,Galaxy S5 Active
3032,SAMSUNG,Galaxy K zoom
3033,SAMSUNG,Galaxy Beam2
3034,SAMSUNG,I9300I Galaxy S3 Neo
3035,SAMSUNG,Galaxy Ace Style
3036,SAMSUNG,ATIV SE
3037,SAMSUNG,Galaxy Tab 4 7.0
3038,SAMSUNG,Galaxy Tab 4 7.0 3G
3039,SAMSUNG,Galaxy Tab 4 7.0 LTE
3040,SAMSUNG,Galaxy Tab 4 8.0
3041,SAMSUNG,Galaxy Tab 4 8.0 3G
3042,SAMSUNG,Galaxy Tab 4 8.0 LTE
3043,SAMSUNG,Galaxy Tab 4 10.1
3044,SAMSUNG,Galaxy Tab 4 10.1 3G
3045,SAMSUNG,Galaxy Tab 4 10.1 LTE
3046,SAMSUNG,G3812B Galaxy S3 Slim
3047,SAMSUNG,I8200 Galaxy S III mini VE
3048,SAMSUNG,Galaxy S5 Duos
3049,SAMSUNG,Galaxy S5 (octa-core)
3050,SAMSUNG,Galaxy S5 (USA)
3051,SAMSUNG,Galaxy S5
3052,SAMSUNG,Galaxy Core LTE G386W
3053,SAMSUNG,Galaxy Core LTE
3054,SAMSUNG,S5611
3055,SAMSUNG,E1272
3056,SAMSUNG,Galaxy Star Trios S5283
3057,SAMSUNG,Galaxy Note 3 Neo Duos
3058,SAMSUNG,Galaxy Note 3 Neo
3059,SAMSUNG,Galaxy Tab 3 Lite 7.0 3G
3060,SAMSUNG,Galaxy Tab 3 Lite 7.0
3061,SAMSUNG,Galaxy Grand Neo
3062,SAMSUNG,Galaxy Note Pro 12.2 LTE
3063,SAMSUNG,Galaxy Note Pro 12.2 3G
3064,SAMSUNG,Galaxy Note Pro 12.2
3065,SAMSUNG,Galaxy Tab Pro 12.2 LTE
3066,SAMSUNG,Galaxy Tab Pro 12.2 3G
3067,SAMSUNG,Galaxy Tab Pro 12.2
3068,SAMSUNG,Galaxy Tab Pro 10.1 LTE
3069,SAMSUNG,Galaxy Tab Pro 10.1
3070,SAMSUNG,Galaxy Tab Pro 8.4 3G/LTE
3071,SAMSUNG,Galaxy Tab Pro 8.4
3072,SAMSUNG,Galaxy Camera 2 GC200
3073,SAMSUNG,Galaxy Core Advance
3074,SAMSUNG,Galaxy S4 Active LTE-A
3075,SAMSUNG,Galaxy J
3076,SAMSUNG,Galaxy Win Pro G3812
3077,SAMSUNG,Galaxy S Duos 2 S7582
3078,SAMSUNG,Galaxy Grand 2
3079,SAMSUNG,I9230 Galaxy Golden
3080,SAMSUNG,C3590
3081,SAMSUNG,Galaxy Express 2
3082,SAMSUNG,I9506 Galaxy S4
3083,SAMSUNG,Galaxy Light
3084,SAMSUNG,Galaxy Round G910S
3085,SAMSUNG,Galaxy Fresh S7390
3086,SAMSUNG,Galaxy Core Plus
3087,SAMSUNG,Galaxy Fame Lite Duos S6792L
3088,SAMSUNG,Galaxy Fame Lite S6790
3089,SAMSUNG,Galaxy Star Pro S7260
3090,SAMSUNG,Galaxy Note 10.1 (2014)
3091,SAMSUNG,Galaxy Note 3
3092,SAMSUNG,Ch@t 333
3093,SAMSUNG,Galaxy Prevail 2
3094,SAMSUNG,Gravity Q T289
3095,SAMSUNG,ATIV S Neo
3096,SAMSUNG,Galaxy S4 zoom
3097,SAMSUNG,Galaxy S II TV
3098,SAMSUNG,Galaxy Ace 3
3099,SAMSUNG,I9190 Galaxy S4 mini
3100,SAMSUNG,I9295 Galaxy S4 Active
3101,SAMSUNG,Galaxy Tab 3 8.0
3102,SAMSUNG,Galaxy Tab 3 10.1 P5220
3103,SAMSUNG,Galaxy Tab 3 10.1 P5200
3104,SAMSUNG,Galaxy Tab 3 10.1 P5210
3105,SAMSUNG,Galaxy Exhibit T599
3106,SAMSUNG,Galaxy Core I8260
3107,SAMSUNG,Galaxy Tab 3 7.0 WiFi
3108,SAMSUNG,Galaxy Tab 3 7.0
3109,SAMSUNG,Galaxy Mega 6.3 I9200
3110,SAMSUNG,Galaxy Mega 5.8 I9150
3111,SAMSUNG,Galaxy Trend II Duos S7572
3112,SAMSUNG,Galaxy Win I8550
3113,SAMSUNG,Galaxy Pocket Neo S5310
3114,SAMSUNG,Galaxy Star S5280
3115,SAMSUNG,I9505 Galaxy S4
3116,SAMSUNG,I9500 Galaxy S4
3117,SAMSUNG,I9502 Galaxy S4
3118,SAMSUNG,Galaxy S4 CDMA
3119,SAMSUNG,Galaxy Note 8.0
3120,SAMSUNG,Galaxy Note 8.0 Wi-Fi
3121,SAMSUNG,Galaxy Y Plus S5303
3122,SAMSUNG,Rex 90 S5292
3123,SAMSUNG,Rex 80 S5222R
3124,SAMSUNG,Rex 70 S3802
3125,SAMSUNG,Rex 60 C3312R
3126,SAMSUNG,Metro E2202
3127,SAMSUNG,E1282T
3128,SAMSUNG,E1207T
3129,SAMSUNG,Galaxy Young S6310
3130,SAMSUNG,Galaxy Fame S6810
3131,SAMSUNG,Galaxy Express I8730
3132,SAMSUNG,S7710 Galaxy Xcover 2
3133,SAMSUNG,Ativ Odyssey I930
3134,SAMSUNG,I9105 Galaxy S II Plus
3135,SAMSUNG,Galaxy Grand I9080
3136,SAMSUNG,Galaxy Grand I9082
3137,SAMSUNG,Star Deluxe Duos S5292
3138,SAMSUNG,Galaxy Note LTE 10.1 N8020
3139,SAMSUNG,A997 Rugby III
3140,SAMSUNG,Galaxy Axiom R830
3141,SAMSUNG,Galaxy Stratosphere II I415
3142,SAMSUNG,Galaxy Discover S730M
3143,SAMSUNG,Galaxy Pop SHV-E220
3144,SAMSUNG,Galaxy Premier I9260
3145,SAMSUNG,Google Nexus 10 P8110
3146,SAMSUNG,Ativ Tab P8510
3147,SAMSUNG,Comment 2 R390C
3148,SAMSUNG,I8190 Galaxy S III mini
3149,SAMSUNG,Galaxy Music Duos S6012
3150,SAMSUNG,Galaxy Music S6010
3151,SAMSUNG,Galaxy Rugby Pro I547
3152,SAMSUNG,Galaxy Express I437
3153,SAMSUNG,Ch@t 357
3154,SAMSUNG,I9305 Galaxy S III
3155,SAMSUNG,Galaxy Victory 4G LTE L300
3156,SAMSUNG,Champ Neo Duos C3262
3157,SAMSUNG,Galaxy S Relay 4G T699
3158,SAMSUNG,Galaxy Pocket Duos S5302
3159,SAMSUNG,Galaxy Note II N7100
3160,SAMSUNG,Galaxy Note II CDMA
3161,SAMSUNG,Ativ S I8750
3162,SAMSUNG,Galaxy Camera GC100
3163,SAMSUNG,Galaxy Rush M830
3164,SAMSUNG,Galaxy Stellar 4G I200
3165,SAMSUNG,Galaxy Reverb M950
3166,SAMSUNG,Galaxy Tab 2 7.0 I705
3167,SAMSUNG,Galaxy Note 10.1 N8000
3168,SAMSUNG,Galaxy Note 10.1 N8010
3169,SAMSUNG,Array M390
3170,SAMSUNG,Galaxy S Lightray 4G R940
3171,SAMSUNG,Galaxy S Duos S7562
3172,SAMSUNG,Manhattan E3300
3173,SAMSUNG,E2262
3174,SAMSUNG,E1260B
3175,SAMSUNG,E1200 Pusha
3176,SAMSUNG,E2252
3177,SAMSUNG,Galaxy Chat B5330
3178,SAMSUNG,U485 Intensity III
3179,SAMSUNG,Galaxy I8250
3180,SAMSUNG,Galaxy Ace Advance S6800
3181,SAMSUNG,Galaxy Ace Duos S6802
3182,SAMSUNG,Galaxy Appeal I827
3183,SAMSUNG,Galaxy Tab 8.9 4G P7320T
3184,SAMSUNG,C3780
3185,SAMSUNG,C3782 Evan
3186,SAMSUNG,Galaxy Proclaim S720C
3187,SAMSUNG,I9500 Fraser
3188,SAMSUNG,Omnia M S7530
3189,SAMSUNG,Focus 2 I667
3190,SAMSUNG,Galaxy S III T999
3191,SAMSUNG,Galaxy S III I747
3192,SAMSUNG,Galaxy S III CDMA
3193,SAMSUNG,I9300 Galaxy S III
3194,SAMSUNG,E2350B
3195,SAMSUNG,U380 Brightside
3196,SAMSUNG,Galaxy Player 70 Plus
3197,SAMSUNG,Galaxy Pocket plus S5301
3198,SAMSUNG,Galaxy Pocket S5300
3199,SAMSUNG,I8530 Galaxy Beam
3200,SAMSUNG,Galaxy Tab 2 10.1 CDMA
3201,SAMSUNG,Galaxy Tab 2 10.1 P5110
3202,SAMSUNG,Galaxy Tab 2 10.1 P5100
3203,SAMSUNG,Rugby Smart I847
3204,SAMSUNG,W999
3205,SAMSUNG,Galaxy Ace II X S7560M
3206,SAMSUNG,Galaxy Ace 2 I8160
3207,SAMSUNG,Galaxy mini 2 S6500
3208,SAMSUNG,Galaxy Ace Duos I589
3209,SAMSUNG,Galaxy Pop Plus S5570i
3210,SAMSUNG,Galaxy Tab 2 7.0 P3110
3211,SAMSUNG,Galaxy Tab 2 7.0 P3100
3212,SAMSUNG,I9070 Galaxy S Advance
3213,SAMSUNG,C3312 Duos
3214,SAMSUNG,Star 3 s5220
3215,SAMSUNG,Star 3 Duos S5222
3216,SAMSUNG,Galaxy Nexus I9250M
3217,SAMSUNG,Galaxy Attain 4G
3218,SAMSUNG,Galaxy S Blaze 4G T769
3219,SAMSUNG,Galaxy Tab 7.7 LTE I815
3220,SAMSUNG,Galaxy Nexus LTE L700
3221,SAMSUNG,Exhilarate i577
3222,SAMSUNG,Galaxy S II Skyrocket HD I757
3223,SAMSUNG,Galaxy Note T879
3224,SAMSUNG,Galaxy Note I717
3225,SAMSUNG,Galaxy M Style M340S
3226,SAMSUNG,Galaxy Ace Plus S7500
3227,SAMSUNG,I929 Galaxy S II Duos
3228,SAMSUNG,Galaxy Y Duos S6102
3229,SAMSUNG,Galaxy Y Pro Duos B5512
3230,SAMSUNG,E2600
3231,SAMSUNG,M370
3232,SAMSUNG,R680 Repp
3233,SAMSUNG,I110 Illusion
3234,SAMSUNG,E1050
3235,SAMSUNG,E1232B
3236,SAMSUNG,E1230
3237,SAMSUNG,Focus S I937
3238,SAMSUNG,Focus Flash I677
3239,SAMSUNG,Galaxy S II Skyrocket i727
3240,SAMSUNG,C3330 Champ 2
3241,SAMSUNG,Exhibit II 4G T679
3242,SAMSUNG,C3350
3243,SAMSUNG,C3520
3244,SAMSUNG,Galaxy Nexus i515
3245,SAMSUNG,Galaxy Nexus I9250
3246,SAMSUNG,I9100G Galaxy S II
3247,SAMSUNG,I405 Stratosphere
3248,SAMSUNG,R730 Transfix
3249,SAMSUNG,i927 Captivate Glide
3250,SAMSUNG,DoubleTime I857
3251,SAMSUNG,M930 Transform Ultra
3252,SAMSUNG,P6210 Galaxy Tab 7.0 Plus
3253,SAMSUNG,P6200 Galaxy Tab 7.0 Plus
3254,SAMSUNG,Omnia W I8350
3255,SAMSUNG,Galaxy S II HD LTE
3256,SAMSUNG,Ch@t 527
3257,SAMSUNG,P6810 Galaxy Tab 7.7
3258,SAMSUNG,P6800 Galaxy Tab 7.7
3259,SAMSUNG,Galaxy Note N7000
3260,SAMSUNG,Galaxy S II I777
3261,SAMSUNG,Galaxy S II X T989D
3262,SAMSUNG,Galaxy S II T989
3263,SAMSUNG,Galaxy S II Epic 4G Touch
3264,SAMSUNG,S8600 Wave 3
3265,SAMSUNG,Wave M S7250
3266,SAMSUNG,Wave Y S5380
3267,SAMSUNG,Galaxy S II LTE i727R
3268,SAMSUNG,Galaxy S II LTE I9210
3269,SAMSUNG,Galaxy Tab 8.9 LTE I957
3270,SAMSUNG,Galaxy W I8150
3271,SAMSUNG,Galaxy M Pro B7800
3272,SAMSUNG,Galaxy Y Pro B5510
3273,SAMSUNG,Galaxy Y TV S5367
3274,SAMSUNG,Galaxy Y S5360
3275,SAMSUNG,Gravity TXT T379
3276,SAMSUNG,Galaxy Q T589R
3277,SAMSUNG,S5610
3278,SAMSUNG,S3770
3279,SAMSUNG,S5690 Galaxy Xcover
3280,SAMSUNG,Galaxy S II 4G I9100M
3281,SAMSUNG,I9103 Galaxy R
3282,SAMSUNG,R720 Admire
3283,SAMSUNG,Convoy 2
3284,SAMSUNG,Conquer 4G
3285,SAMSUNG,R640 Character
3286,SAMSUNG,R380 Freeform III
3287,SAMSUNG,Trender
3288,SAMSUNG,Gravity SMART
3289,SAMSUNG,Exhibit 4G
3290,SAMSUNG,E1195
3291,SAMSUNG,C414
3292,SAMSUNG,E1190
3293,SAMSUNG,C3560
3294,SAMSUNG,Dart T499
3295,SAMSUNG,C3322
3296,SAMSUNG,R260 Chrono
3297,SAMSUNG,E2232
3298,SAMSUNG,E1182
3299,SAMSUNG,I9001 Galaxy S Plus
3300,SAMSUNG,DuosTV I6712
3301,SAMSUNG,C6712 Star II DUOS
3302,SAMSUNG,Ch@t 222
3303,SAMSUNG,Ch@t 220
3304,SAMSUNG,M580 Replenish
3305,SAMSUNG,Galaxy Prevail
3306,SAMSUNG,M220L Galaxy Neo
3307,SAMSUNG,Google Nexus S I9020A
3308,SAMSUNG,Google Nexus S I9023
3309,SAMSUNG,E2230
3310,SAMSUNG,P1010 Galaxy Tab Wi-Fi
3311,SAMSUNG,P7500 Galaxy Tab 10.1 3G
3312,SAMSUNG,Galaxy Tab 10.1 LTE I905
3313,SAMSUNG,Galaxy Tab 10.1 P7510
3314,SAMSUNG,Galaxy Tab 8.9 P7300
3315,SAMSUNG,Galaxy Tab 8.9 P7310
3316,SAMSUNG,Google Nexus S 4G
3317,SAMSUNG,M260 Factor
3318,SAMSUNG,S3850 Corby II
3319,SAMSUNG,Galaxy Pro B7510
3320,SAMSUNG,I9100 Galaxy S II
3321,SAMSUNG,E2652W Champ Duos
3322,SAMSUNG,E2652 Champ Duos
3323,SAMSUNG,Galaxy S WiFi 5.0
3324,SAMSUNG,P7100 Galaxy Tab 10.1v
3325,SAMSUNG,S5780 Wave 578
3326,SAMSUNG,Ch@t 350
3327,SAMSUNG,E3213 Hero
3328,SAMSUNG,E3210
3329,SAMSUNG,E2330
3330,SAMSUNG,I9003 Galaxy SL
3331,SAMSUNG,Galaxy Ace S5830I
3332,SAMSUNG,Galaxy Ace S5830
3333,SAMSUNG,Galaxy Fit S5670
3334,SAMSUNG,Galaxy Gio S5660
3335,SAMSUNG,Galaxy Mini S5570
3336,SAMSUNG,Galaxy Pop i559
3337,SAMSUNG,Galaxy S 4G T959
3338,SAMSUNG,S5260 Star II
3339,SAMSUNG,I997 Infuse 4G
3340,SAMSUNG,R910 Galaxy Indulge
3341,SAMSUNG,Droid Charge I510
3342,SAMSUNG,Google Nexus S
3343,SAMSUNG,M190S Galaxy S Hoppin
3344,SAMSUNG,Ch@t 335
3345,SAMSUNG,C3630
3346,SAMSUNG,C3530
3347,SAMSUNG,I9010 Galaxy S Giorgio Armani
3348,SAMSUNG,A817 Solstice II
3349,SAMSUNG,A667 Evergreen
3350,SAMSUNG,E2530
3351,SAMSUNG,I100 Gem
3352,SAMSUNG,R710 Suede
3353,SAMSUNG,U750 Zeal
3354,SAMSUNG,Continuum I400
3355,SAMSUNG,Ch@t 322 Wi-Fi
3356,SAMSUNG,Ch@t 322
3357,SAMSUNG,E1252
3358,SAMSUNG,Breeze B209
3359,SAMSUNG,Hero Plus B159
3360,SAMSUNG,W169 Duos
3361,SAMSUNG,Mpower Muzik 219
3362,SAMSUNG,Mpower Txt M369
3363,SAMSUNG,Mpower TV S239
3364,SAMSUNG,E1225 Dual Sim Shift
3365,SAMSUNG,Guru E1081T
3366,SAMSUNG,Focus
3367,SAMSUNG,I8700 Omnia 7
3368,SAMSUNG,S5750 Wave575
3369,SAMSUNG,S8530 Wave II
3370,SAMSUNG,M210S Wave2
3371,SAMSUNG,Galaxy Tab T-Mobile T849
3372,SAMSUNG,P1000 Galaxy Tab
3373,SAMSUNG,Galaxy Tab CDMA P100
3374,SAMSUNG,Galaxy Tab 4G LTE
3375,SAMSUNG,T249
3376,SAMSUNG,R580 Profile
3377,SAMSUNG,R570 Messenger III
3378,SAMSUNG,I909 Galaxy S
3379,SAMSUNG,A200K Nori F
3380,SAMSUNG,A220 F Nori
3381,SAMSUNG,M130K Galaxy K
3382,SAMSUNG,Mesmerize i500
3383,SAMSUNG,M920 Transform
3384,SAMSUNG,R360 Freeform II
3385,SAMSUNG,Guru Dual 26
3386,SAMSUNG,Galaxy 551
3387,SAMSUNG,R900 Craft
3388,SAMSUNG,Xcover 271
3389,SAMSUNG,C3752
3390,SAMSUNG,C3750
3391,SAMSUNG,S7230E Wave 723
3392,SAMSUNG,M130L Galaxy U
3393,SAMSUNG,E2152
3394,SAMSUNG,S5530
3395,SAMSUNG,U360 Gusto
3396,SAMSUNG,Fascinate
3397,SAMSUNG,Vibrant
3398,SAMSUNG,A927 Flight II
3399,SAMSUNG,T669 Gravity T
3400,SAMSUNG,T479 Gravity 3
3401,SAMSUNG,:) Smiley
3402,SAMSUNG,C5010 Squash
3403,SAMSUNG,i897 Captivate
3404,SAMSUNG,B7350 Omnia PRO 4
3405,SAMSUNG,B6520 Omnia PRO 5
3406,SAMSUNG,U320 Haven
3407,SAMSUNG,U460 Intensity II
3408,SAMSUNG,M350 Seek
3409,SAMSUNG,Epic 4G
3410,SAMSUNG,Acclaim
3411,SAMSUNG,Intercept
3412,SAMSUNG,R360 Messenger Touch
3413,SAMSUNG,i225 Exec
3414,SAMSUNG,M570 Restore
3415,SAMSUNG,R351 Freeform
3416,SAMSUNG,T369
3417,SAMSUNG,S5330 Wave533
3418,SAMSUNG,S5250 Wave525
3419,SAMSUNG,I5500 Galaxy 5
3420,SAMSUNG,I5801 Galaxy Apollo
3421,SAMSUNG,I5800 Galaxy 3
3422,SAMSUNG,B7722
3423,SAMSUNG,A847 Rugby II
3424,SAMSUNG,C3300K Champ
3425,SAMSUNG,W960 AMOLED 3D
3426,SAMSUNG,M110S Galaxy S
3427,SAMSUNG,Galaxy A
3428,SAMSUNG,I9000 Galaxy S
3429,SAMSUNG,S3370
3430,SAMSUNG,I6500U Galaxy
3431,SAMSUNG,E1170
3432,SAMSUNG,Metro TV
3433,SAMSUNG,Corby TV F339
3434,SAMSUNG,S3650W Corby
3435,SAMSUNG,W9705
3436,SAMSUNG,A687 Strive
3437,SAMSUNG,A697 Sunburst
3438,SAMSUNG,S8500 Wave
3439,SAMSUNG,I8520 Galaxy Beam
3440,SAMSUNG,B3410W Ch@t
3441,SAMSUNG,M3710 Corby Beat
3442,SAMSUNG,E2370 Xcover
3443,SAMSUNG,E2550 Monte Slider
3444,SAMSUNG,C3200 Monte Bar
3445,SAMSUNG,S5620 Monte
3446,SAMSUNG,S5550 Shark 2
3447,SAMSUNG,S3550 Shark 3
3448,SAMSUNG,E1150
3449,SAMSUNG,S5350 Shark
3450,SAMSUNG,C6112
3451,SAMSUNG,M2520 Beat Techno
3452,SAMSUNG,C3510 Genoa
3453,SAMSUNG,M5650 Lindy
3454,SAMSUNG,S7070 Diva
3455,SAMSUNG,C3730C
3456,SAMSUNG,S5150 Diva folder
3457,SAMSUNG,C5130
3458,SAMSUNG,B5722
3459,SAMSUNG,M3310L
3460,SAMSUNG,M3310
3461,SAMSUNG,A897 Mythic
3462,SAMSUNG,S5500 Eco
3463,SAMSUNG,T139
3464,SAMSUNG,A797 Flight
3465,SAMSUNG,B3410
3466,SAMSUNG,M715 T*OMNIA II
3467,SAMSUNG,A886 Forever
3468,SAMSUNG,S5560 Marvel
3469,SAMSUNG,S5630C
3470,SAMSUNG,I5700 Galaxy Spica
3471,SAMSUNG,E1390
3472,SAMSUNG,E1160
3473,SAMSUNG,E2130
3474,SAMSUNG,E1130B
3475,SAMSUNG,T401G
3476,SAMSUNG,B7620 Giorgio Armani
3477,SAMSUNG,T939 Behold 2
3478,SAMSUNG,M8920
3479,SAMSUNG,W880 AMOLED 12M
3480,SAMSUNG,Vodafone 360 H1
3481,SAMSUNG,Vodafone 360 M1
3482,SAMSUNG,B5310 CorbyPRO
3483,SAMSUNG,B3210 CorbyTXT
3484,SAMSUNG,F480i
3485,SAMSUNG,B7330 OmniaPRO
3486,SAMSUNG,E1085T
3487,SAMSUNG,E1080T
3488,SAMSUNG,S5510
3489,SAMSUNG,S5230W Star WiFi
3490,SAMSUNG,S7550 Blue Earth
3491,SAMSUNG,C5030
3492,SAMSUNG,S3650 Corby
3493,SAMSUNG,T659 Scarlet
3494,SAMSUNG,B3310
3495,SAMSUNG,C3212
3496,SAMSUNG,U450 DoubleTake
3497,SAMSUNG,i220 Code
3498,SAMSUNG,R860 Caliber
3499,SAMSUNG,R520 Trill
3500,SAMSUNG,M900 Moment
3501,SAMSUNG,i350 Intrepid
3502,SAMSUNG,M850 Instinct HD
3503,SAMSUNG,U450 Intensity
3504,SAMSUNG,U960 Rogue
3505,SAMSUNG,S3100
3506,SAMSUNG,A887 Solstice
3507,SAMSUNG,E2120
3508,SAMSUNG,S5233T
3509,SAMSUNG,I6220 Star TV
3510,SAMSUNG,S9110
3511,SAMSUNG,T469 Gravity 2
3512,SAMSUNG,T559 Comeback
3513,SAMSUNG,T746 Impact
3514,SAMSUNG,S5600v Blade
3515,SAMSUNG,S6700
3516,SAMSUNG,C5510
3517,SAMSUNG,M2510
3518,SAMSUNG,M2310
3519,SAMSUNG,W850
3520,SAMSUNG,S8000 Jet
3521,SAMSUNG,I8000 Omnia II
3522,SAMSUNG,B7610 OmniaPRO
3523,SAMSUNG,B7320 OmniaPRO
3524,SAMSUNG,B7300 OmniaLITE
3525,SAMSUNG,M8910 Pixon12
3526,SAMSUNG,E1107 Crest Solar
3527,SAMSUNG,M2710 Beat Twist
3528,SAMSUNG,S5050
3529,SAMSUNG,T349
3530,SAMSUNG,S5200
3531,SAMSUNG,i637 Jack
3532,SAMSUNG,S3310
3533,SAMSUNG,C3060R
3534,SAMSUNG,A167
3535,SAMSUNG,A177
3536,SAMSUNG,I7500 Galaxy
3537,SAMSUNG,J165
3538,SAMSUNG,I6210
3539,SAMSUNG,E1360
3540,SAMSUNG,E1210
3541,SAMSUNG,A657
3542,SAMSUNG,A877 Impression
3543,SAMSUNG,A257 Magnet
3544,SAMSUNG,Propel Pro
3545,SAMSUNG,B2100 Xplorer
3546,SAMSUNG,S5230 Star
3547,SAMSUNG,S5600 Preston
3548,SAMSUNG,i8910 Omnia HD
3549,SAMSUNG,S8300 UltraTOUCH
3550,SAMSUNG,M7600 Beat DJ
3551,SAMSUNG,M6710 Beat DISC
3552,SAMSUNG,S7350 Ultra s
3553,SAMSUNG,S7220 Ultra b
3554,SAMSUNG,C5220
3555,SAMSUNG,S3500
3556,SAMSUNG,S3110
3557,SAMSUNG,P250
3558,SAMSUNG,i7410
3559,SAMSUNG,T929 Memoir
3560,SAMSUNG,C3050 Stratus
3561,SAMSUNG,C3010
3562,SAMSUNG,C3110
3563,SAMSUNG,C6625
3564,SAMSUNG,E1310
3565,SAMSUNG,E1120
3566,SAMSUNG,E1100
3567,SAMSUNG,E1070
3568,SAMSUNG,E2210B
3569,SAMSUNG,E1125
3570,SAMSUNG,E2100B
3571,SAMSUNG,B520
3572,SAMSUNG,B5702
3573,SAMSUNG,C5212
3574,SAMSUNG,W259 Duos
3575,SAMSUNG,SCH-W699
3576,SAMSUNG,W299 Duos
3577,SAMSUNG,S9402 Ego
3578,SAMSUNG,S3030 Tobi
3579,SAMSUNG,U810 Renown
3580,SAMSUNG,i770 Saga
3581,SAMSUNG,A867 Eternity
3582,SAMSUNG,A777
3583,SAMSUNG,T919 Behold
3584,SAMSUNG,T459 Gravity
3585,SAMSUNG,E2510
3586,SAMSUNG,T219
3587,SAMSUNG,E1410
3588,SAMSUNG,T119
3589,SAMSUNG,E1117
3590,SAMSUNG,E1110
3591,SAMSUNG,C6620
3592,SAMSUNG,i907 Epix
3593,SAMSUNG,A767 Propel
3594,SAMSUNG,i7110
3595,SAMSUNG,F275
3596,SAMSUNG,F270 Beat
3597,SAMSUNG,M8800 Pixon
3598,SAMSUNG,S3600
3599,SAMSUNG,M7500 Emporio Armani
3600,SAMSUNG,M3200 Beat s
3601,SAMSUNG,T339
3602,SAMSUNG,T229
3603,SAMSUNG,A637
3604,SAMSUNG,C510
3605,SAMSUNG,A837 Rugby
3606,SAMSUNG,A237
3607,SAMSUNG,B320
3608,SAMSUNG,B210
3609,SAMSUNG,M3510 Beat b
3610,SAMSUNG,M200
3611,SAMSUNG,P270
3612,SAMSUNG,B2700
3613,SAMSUNG,F268
3614,SAMSUNG,T109
3615,SAMSUNG,E200 ECO
3616,SAMSUNG,D980
3617,SAMSUNG,B510
3618,SAMSUNG,E215
3619,SAMSUNG,B130
3620,SAMSUNG,i8510 INNOV8
3621,SAMSUNG,S7330
3622,SAMSUNG,i740
3623,SAMSUNG,M150
3624,SAMSUNG,J800 Luxe
3625,SAMSUNG,M140
3626,SAMSUNG,M130
3627,SAMSUNG,L700
3628,SAMSUNG,i900 Omnia
3629,SAMSUNG,U800 Soul b
3630,SAMSUNG,L870
3631,SAMSUNG,Impact sf
3632,SAMSUNG,M620
3633,SAMSUNG,B300
3634,SAMSUNG,Impact b
3635,SAMSUNG,Impact
3636,SAMSUNG,D780
3637,SAMSUNG,V820L
3638,SAMSUNG,F110
3639,SAMSUNG,G400 Soul
3640,SAMSUNG,U900 Soul
3641,SAMSUNG,L810v Steel
3642,SAMSUNG,F480
3643,SAMSUNG,G810
3644,SAMSUNG,M310
3645,SAMSUNG,B200
3646,SAMSUNG,B110
3647,SAMSUNG,A827 Access
3648,SAMSUNG,P960
3649,SAMSUNG,P220
3650,SAMSUNG,P180
3651,SAMSUNG,i200
3652,SAMSUNG,F400
3653,SAMSUNG,J700
3654,SAMSUNG,J630
3655,SAMSUNG,J210
3656,SAMSUNG,J150
3657,SAMSUNG,E251
3658,SAMSUNG,L770
3659,SAMSUNG,A746
3660,SAMSUNG,A727
3661,SAMSUNG,A711
3662,SAMSUNG,A717
3663,SAMSUNG,A437
3664,SAMSUNG,A127
3665,SAMSUNG,A117
3666,SAMSUNG,SPH-i325 Ace
3667,SAMSUNG,i640
3668,SAMSUNG,L320
3669,SAMSUNG,L310
3670,SAMSUNG,L170
3671,SAMSUNG,T819
3672,SAMSUNG,F490
3673,SAMSUNG,G800
3674,SAMSUNG,C500
3675,SAMSUNG,Serenata
3676,SAMSUNG,D880 Duos
3677,SAMSUNG,i780
3678,SAMSUNG,i560
3679,SAMSUNG,i550
3680,SAMSUNG,F330
3681,SAMSUNG,F250
3682,SAMSUNG,i450
3683,SAMSUNG,Armani
3684,SAMSUNG,J610
3685,SAMSUNG,J400
3686,SAMSUNG,P260
3687,SAMSUNG,J750
3688,SAMSUNG,A737
3689,SAMSUNG,A517
3690,SAMSUNG,T639
3691,SAMSUNG,T509
3692,SAMSUNG,T439
3693,SAMSUNG,T429
3694,SAMSUNG,T409
3695,SAMSUNG,T739 Katalyst
3696,SAMSUNG,T729 Blast
3697,SAMSUNG,T539 Beat
3698,SAMSUNG,L600
3699,SAMSUNG,Z630
3700,SAMSUNG,G600
3701,SAMSUNG,M610
3702,SAMSUNG,M600
3703,SAMSUNG,M110
3704,SAMSUNG,B500
3705,SAMSUNG,B100
3706,SAMSUNG,S730i
3707,SAMSUNG,S720i
3708,SAMSUNG,J200
3709,SAMSUNG,L760
3710,SAMSUNG,F700
3711,SAMSUNG,E950
3712,SAMSUNG,F210
3713,SAMSUNG,F200
3714,SAMSUNG,i620
3715,SAMSUNG,A411
3716,SAMSUNG,ZV60
3717,SAMSUNG,Z240
3718,SAMSUNG,Z170
3719,SAMSUNG,J600
3720,SAMSUNG,i400
3721,SAMSUNG,U700
3722,SAMSUNG,U600
3723,SAMSUNG,U300
3724,SAMSUNG,U100
3725,SAMSUNG,i710
3726,SAMSUNG,i520
3727,SAMSUNG,F520
3728,SAMSUNG,F510
3729,SAMSUNG,P110
3730,SAMSUNG,E840
3731,SAMSUNG,E830
3732,SAMSUNG,E740
3733,SAMSUNG,E590
3734,SAMSUNG,E230
3735,SAMSUNG,E210
3736,SAMSUNG,E200
3737,SAMSUNG,C520
3738,SAMSUNG,C450
3739,SAMSUNG,C275
3740,SAMSUNG,C270
3741,SAMSUNG,C260
3742,SAMSUNG,C250
3743,SAMSUNG,i600
3744,SAMSUNG,i617 BlackJack II
3745,SAMSUNG,i607 BlackJack
3746,SAMSUNG,F500
3747,SAMSUNG,F300
3748,SAMSUNG,P940
3749,SAMSUNG,P930
3750,SAMSUNG,E790
3751,SAMSUNG,E490
3752,SAMSUNG,E480
3753,SAMSUNG,E390
3754,SAMSUNG,X550
3755,SAMSUNG,X540
3756,SAMSUNG,E250
3757,SAMSUNG,X520
3758,SAMSUNG,X530
3759,SAMSUNG,C300
3760,SAMSUNG,M300
3761,SAMSUNG,E690
3762,SAMSUNG,E570
3763,SAMSUNG,E420
3764,SAMSUNG,X830
3765,SAMSUNG,E890
3766,SAMSUNG,E898
3767,SAMSUNG,P310
3768,SAMSUNG,Z720
3769,SAMSUNG,Z650i
3770,SAMSUNG,Z620
3771,SAMSUNG,Z370
3772,SAMSUNG,Z360
3773,SAMSUNG,P200
3774,SAMSUNG,S501i
3775,SAMSUNG,S401i
3776,SAMSUNG,X510
3777,SAMSUNG,X500
3778,SAMSUNG,D840
3779,SAMSUNG,C400
3780,SAMSUNG,C240
3781,SAMSUNG,C180
3782,SAMSUNG,C170
3783,SAMSUNG,C160
3784,SAMSUNG,C140
3785,SAMSUNG,D830
3786,SAMSUNG,D900i
3787,SAMSUNG,D900
3788,SAMSUNG,X820
3789,SAMSUNG,C130
3790,SAMSUNG,E500
3791,SAMSUNG,E380
3792,SAMSUNG,D870
3793,SAMSUNG,D780 flip
3794,SAMSUNG,E900
3795,SAMSUNG,Z400
3796,SAMSUNG,Z550
3797,SAMSUNG,i320
3798,SAMSUNG,i310
3799,SAMSUNG,ZV50
3800,SAMSUNG,ZV40
3801,SAMSUNG,Z560
3802,SAMSUNG,P920
3803,SAMSUNG,P900
3804,SAMSUNG,P910
3805,SAMSUNG,T629
3806,SAMSUNG,D520
3807,SAMSUNG,D300
3808,SAMSUNG,Z710
3809,SAMSUNG,Z600
3810,SAMSUNG,Z520
3811,SAMSUNG,Z350
3812,SAMSUNG,Z230
3813,SAMSUNG,Z330
3814,SAMSUNG,Z310
3815,SAMSUNG,Z150
3816,SAMSUNG,X680
3817,SAMSUNG,X630
3818,SAMSUNG,X210
3819,SAMSUNG,X300
3820,SAMSUNG,X160
3821,SAMSUNG,E870
3822,SAMSUNG,E780
3823,SAMSUNG,i300x
3824,SAMSUNG,D820
3825,SAMSUNG,D810
3826,SAMSUNG,D800
3827,SAMSUNG,Z540
3828,SAMSUNG,Z510
3829,SAMSUNG,P300
3830,SAMSUNG,E770
3831,SAMSUNG,E370
3832,SAMSUNG,E360
3833,SAMSUNG,ZV30
3834,SAMSUNG,ZV10
3835,SAMSUNG,S400i
3836,SAMSUNG,Z320i
3837,SAMSUNG,S500i
3838,SAMSUNG,E860
3839,SAMSUNG,Serene
3840,SAMSUNG,D600
3841,SAMSUNG,P850
3842,SAMSUNG,E730
3843,SAMSUNG,D510
3844,SAMSUNG,X700
3845,SAMSUNG,X670
3846,SAMSUNG,X660
3847,SAMSUNG,X650
3848,SAMSUNG,X490
3849,SAMSUNG,X200
3850,SAMSUNG,X150
3851,SAMSUNG,Z500
3852,SAMSUNG,Z300
3853,SAMSUNG,Z130
3854,SAMSUNG,Z140
3855,SAMSUNG,D550
3856,SAMSUNG,P860
3857,SAMSUNG,Z700
3858,SAMSUNG,D730
3859,SAMSUNG,i750
3860,SAMSUNG,D720
3861,SAMSUNG,E760
3862,SAMSUNG,E750
3863,SAMSUNG,E720
3864,SAMSUNG,E880
3865,SAMSUNG,i300
3866,SAMSUNG,E350
3867,SAMSUNG,E640
3868,SAMSUNG,E620
3869,SAMSUNG,E530
3870,SAMSUNG,E340
3871,SAMSUNG,X810
3872,SAMSUNG,X800
3873,SAMSUNG,C120
3874,SAMSUNG,C230
3875,SAMSUNG,C210
3876,SAMSUNG,X640
3877,SAMSUNG,X480
3878,SAMSUNG,X620
3879,SAMSUNG,X140
3880,SAMSUNG,S410i
3881,SAMSUNG,S342i
3882,SAMSUNG,SCH-B100
3883,SAMSUNG,D500
3884,SAMSUNG,P730
3885,SAMSUNG,P710
3886,SAMSUNG,D428
3887,SAMSUNG,D488
3888,SAMSUNG,E850
3889,SAMSUNG,E630
3890,SAMSUNG,E810
3891,SAMSUNG,E800
3892,SAMSUNG,Z110
3893,SAMSUNG,D710
3894,SAMSUNG,C200
3895,SAMSUNG,i530
3896,SAMSUNG,i505
3897,SAMSUNG,i500
3898,SAMSUNG,i250
3899,SAMSUNG,i700
3900,SAMSUNG,X910
3901,SAMSUNG,X900
3902,SAMSUNG,X610
3903,SAMSUNG,X460
3904,SAMSUNG,X120
3905,SAMSUNG,E330
3906,SAMSUNG,E310
3907,SAMSUNG,E300
3908,SAMSUNG,C110
3909,SAMSUNG,Z107
3910,SAMSUNG,Z105
3911,SAMSUNG,E610
3912,SAMSUNG,E600
3913,SAMSUNG,P510
3914,SAMSUNG,E410
3915,SAMSUNG,X450
3916,SAMSUNG,X430
3917,SAMSUNG,P705
3918,SAMSUNG,D410
3919,SAMSUNG,X600
3920,SAMSUNG,X100
3921,SAMSUNG,E715
3922,SAMSUNG,E700
3923,SAMSUNG,C100
3924,SAMSUNG,D700
3925,SAMSUNG,P500
3926,SAMSUNG,E105
3927,SAMSUNG,E100
3928,SAMSUNG,X410
3929,SAMSUNG,X400
3930,SAMSUNG,S200
3931,SAMSUNG,E400
3932,SAMSUNG,D100
3933,SAMSUNG,Watch Phone
3934,SAMSUNG,V200
3935,SAMSUNG,Z100
3936,SAMSUNG,P100
3937,SAMSUNG,P400
3938,SAMSUNG,T700
3939,SAMSUNG,S500
3940,SAMSUNG,T500
3941,SAMSUNG,S300
3942,SAMSUNG,T400
3943,SAMSUNG,T200
3944,SAMSUNG,V100
3945,SAMSUNG,S100
3946,SAMSUNG,Q300
3947,SAMSUNG,A800
3948,SAMSUNG,A500
3949,SAMSUNG,T100
3950,SAMSUNG,Q200
3951,SAMSUNG,N620
3952,SAMSUNG,N500
3953,SAMSUNG,N400
3954,SAMSUNG,Q105
3955,SAMSUNG,N300
3956,SAMSUNG,A400
3957,SAMSUNG,A300
3958,SAMSUNG,R220
3959,SAMSUNG,R210
3960,SAMSUNG,R200
3961,SAMSUNG,A200
3962,SAMSUNG,Q100
3963,SAMSUNG,N105
3964,SAMSUNG,N100
3965,SAMSUNG,M100
3966,SAMSUNG,A110
3967,SAMSUNG,A100
3968,SAMSUNG,SGH-2400
3969,SAMSUNG,SGH-2200
3970,SAMSUNG,SGH-2100
3971,SAMSUNG,SGH-810
3972,SAMSUNG,SGH-800
3973,SAMSUNG,SGH-600
3974,SAMSUNG,SGH-500
3975,SAMSUNG,SGH-250
3976,SAMSUNG,Galaxy S21
3977,SAMSUNG,Galaxy S9 Active
3978,SAMSUNG,Galaxy On5 (2016)
3979,SAMSUNG,Galaxy J5 Prime (2017)
3980,SAMSUNG,Galaxy S7 mini
3981,SAMSUNG,Galaxy Grand 3
3982,SAMSUNG,Galaxy F
3983,SAMSUNG,Galaxy Tab 3 Plus 10.1 P8220
3984,XIAOMI,Redmi Note 10 Lite
3985,XIAOMI,Civi
3986,XIAOMI,Watch Color 2
3987,XIAOMI,Redmi 9i Sport
3988,XIAOMI,Redmi 9A Sport
3989,XIAOMI,Poco C31
3990,XIAOMI,Redmi 9 Activ
3991,XIAOMI,11T Pro
3992,XIAOMI,11T
3993,XIAOMI,11 Lite 5G NE
3994,XIAOMI,Redmi 10 Prime
3995,XIAOMI,Redmi 10
3996,XIAOMI,Pad 5 Pro
3997,XIAOMI,Pad 5
3998,XIAOMI,Mix 4
3999,XIAOMI,Poco X3 GT
4000,XIAOMI,Poco F3 GT
4001,XIAOMI,Redmi Note 10T 5G
4002,XIAOMI,Mi Watch Revolve Active
4003,XIAOMI,Redmi Note 10 Pro (China)
4004,XIAOMI,Redmi Note 8 2021
4005,XIAOMI,Poco M3 Pro 5G
4006,XIAOMI,Redmi K40 Gaming
4007,XIAOMI,Mi 11X Pro
4008,XIAOMI,Mi 11X
4009,XIAOMI,Poco M2 Reloaded
4010,XIAOMI,Mi Mix Fold
4011,XIAOMI,Mi 11 Ultra
4012,XIAOMI,Mi 11 Pro
4013,XIAOMI,Mi 11i
4014,XIAOMI,Mi 11 Lite 5G
4015,XIAOMI,Mi 11 Lite
4016,XIAOMI,Black Shark 4 Pro
4017,XIAOMI,Black Shark 4
4018,XIAOMI,Poco X3 Pro
4019,XIAOMI,Poco F3
4020,XIAOMI,Mi 10S
4021,XIAOMI,Redmi Note 10 Pro
4022,XIAOMI,Redmi Note 10 5G
4023,XIAOMI,Redmi Note 10S
4024,XIAOMI,Redmi Note 10
4025,XIAOMI,Redmi Note 10 Pro Max
4026,XIAOMI,Redmi Note 10 Pro (India)
4027,XIAOMI,Redmi K40 Pro+
4028,XIAOMI,Redmi K40 Pro
4029,XIAOMI,Redmi K40
4030,XIAOMI,Redmi Note 9T
4031,XIAOMI,Redmi 9T
4032,XIAOMI,Mi 10i 5G
4033,XIAOMI,Mi 11
4034,XIAOMI,Redmi 9 Power
4035,XIAOMI,Mi Watch Lite
4036,XIAOMI,Redmi Note 9 Pro 5G
4037,XIAOMI,Redmi Note 9 5G
4038,XIAOMI,Redmi Note 9 4G
4039,XIAOMI,Redmi Watch
4040,XIAOMI,Poco M3
4041,XIAOMI,Redmi K30S
4042,XIAOMI,Mi Watch Color Sports
4043,XIAOMI,Poco C3
4044,XIAOMI,Mi 10T Pro 5G
4045,XIAOMI,Mi 10T 5G
4046,XIAOMI,Mi 10T Lite 5G
4047,XIAOMI,Mi Watch
4048,XIAOMI,Mi Watch Revolve
4049,XIAOMI,Redmi 9AT
4050,XIAOMI,Redmi 9i
4051,XIAOMI,Poco M2
4052,XIAOMI,Poco X3
4053,XIAOMI,Poco X3 NFC
4054,XIAOMI,Redmi 9 (India)
4055,XIAOMI,Mi 10 Ultra
4056,XIAOMI,Redmi K30 Ultra
4057,XIAOMI,Redmi 9 Prime
4058,XIAOMI,Black Shark 3S
4059,XIAOMI,Poco M2 Pro
4060,XIAOMI,Redmi 9A
4061,XIAOMI,Redmi 9C NFC
4062,XIAOMI,Redmi 9C
4063,XIAOMI,Redmi 9
4064,XIAOMI,Redmi 10X Pro 5G
4065,XIAOMI,Redmi 10X 5G
4066,XIAOMI,Redmi 10X 4G
4067,XIAOMI,Redmi K30i 5G
4068,XIAOMI,Poco F2 Pro
4069,XIAOMI,Redmi K30 5G Racing
4070,XIAOMI,Redmi Note 9 Pro
4071,XIAOMI,Redmi Note 9
4072,XIAOMI,Mi Note 10 Lite
4073,XIAOMI,Mi 10 Youth 5G
4074,XIAOMI,Mi 10 Lite 5G
4075,XIAOMI,Redmi K30 Pro Zoom
4076,XIAOMI,Redmi K30 Pro
4077,XIAOMI,Redmi Note 9S
4078,XIAOMI,Redmi Note 9 Pro Max
4079,XIAOMI,Redmi Note 9 Pro (India)
4080,XIAOMI,Black Shark 3 Pro
4081,XIAOMI,Black Shark 3
4082,XIAOMI,Mi 10 Pro 5G
4083,XIAOMI,Mi 10 5G
4084,XIAOMI,Redmi 8A Pro
4085,XIAOMI,Redmi 8A Dual
4086,XIAOMI,Poco X2
4087,XIAOMI,Redmi K30
4088,XIAOMI,Redmi K30 5G
4089,XIAOMI,Redmi Note 8T
4090,XIAOMI,Mi Note 10 Pro
4091,XIAOMI,Mi Note 10
4092,XIAOMI,Mi CC9 Pro
4093,XIAOMI,Watch Color
4094,XIAOMI,Mi Watch (China)
4095,XIAOMI,Redmi 8
4096,XIAOMI,Redmi 8A
4097,XIAOMI,Mi Mix Alpha
4098,XIAOMI,Mi 9 Pro 5G
4099,XIAOMI,Mi 9 Pro
4100,XIAOMI,Redmi K20 Pro Premium
4101,XIAOMI,Mi 9 Lite
4102,XIAOMI,Redmi Note 8 Pro
4103,XIAOMI,Black Shark 2 Pro
4104,XIAOMI,Mi A3
4105,XIAOMI,Redmi 7A
4106,XIAOMI,Mi CC9
4107,XIAOMI,Mi CC9e
4108,XIAOMI,Redmi Note 8
4109,XIAOMI,Mi 9T Pro
4110,XIAOMI,Mi 9T
4111,XIAOMI,Redmi K20
4112,XIAOMI,Redmi K20 Pro
4113,XIAOMI,Redmi Note 7S
4114,XIAOMI,Redmi Y3
4115,XIAOMI,Black Shark 2
4116,XIAOMI,Redmi 7
4117,XIAOMI,Redmi Note 7 Pro
4118,XIAOMI,Mi Mix 3 5G
4119,XIAOMI,Mi 9 Explorer
4120,XIAOMI,Mi 9 SE
4121,XIAOMI,Mi 9
4122,XIAOMI,Redmi Go
4123,XIAOMI,Redmi Note 7
4124,XIAOMI,Mi Play
4125,XIAOMI,Black Shark Helo
4126,XIAOMI,Mi Mix 3
4127,XIAOMI,Redmi Note 6 Pro
4128,XIAOMI,Mi 8 Pro
4129,XIAOMI,Mi 8 Lite
4130,XIAOMI,Pocophone F1
4131,XIAOMI,Mi A2 (Mi 6X)
4132,XIAOMI,Mi A2 Lite (Redmi 6 Pro)
4133,XIAOMI,Mi Max 3
4134,XIAOMI,Mi Pad 4 Plus
4135,XIAOMI,Mi Pad 4
4136,XIAOMI,Redmi 6
4137,XIAOMI,Redmi 6A
4138,XIAOMI,Mi 8 Explorer
4139,XIAOMI,Mi 8
4140,XIAOMI,Mi 8 SE
4141,XIAOMI,Redmi S2 (Redmi Y2)
4142,XIAOMI,Mi Mix 2S
4143,XIAOMI,Redmi Note 5 AI Dual Camera
4144,XIAOMI,Redmi Note 5 Pro
4145,XIAOMI,Black Shark
4146,XIAOMI,Redmi 5 Plus (Redmi Note 5)
4147,XIAOMI,Redmi 5
4148,XIAOMI,Redmi 5A
4149,XIAOMI,Redmi Y1 (Note 5A)
4150,XIAOMI,Redmi Y1 Lite
4151,XIAOMI,Mi Note 3
4152,XIAOMI,Mi Mix 2
4153,XIAOMI,Mi A1 (Mi 5X)
4154,XIAOMI,Mi Max 2
4155,XIAOMI,Redmi 4 (4X)
4156,XIAOMI,Mi 6
4157,XIAOMI,Mi Pad 3
4158,XIAOMI,Mi 5c
4159,XIAOMI,Redmi Note 4X
4160,XIAOMI,Redmi Note 4
4161,XIAOMI,Redmi 4A
4162,XIAOMI,Redmi 4 (China)
4163,XIAOMI,Mi 6 Plus
4164,XIAOMI,Redmi 4 Prime
4165,XIAOMI,Mi Mix
4166,XIAOMI,Mi Note 2
4167,XIAOMI,Mi 5s Plus
4168,XIAOMI,Mi 5s
4169,XIAOMI,Redmi Note 4 (MediaTek)
4170,XIAOMI,Redmi Pro
4171,XIAOMI,Redmi 3x
4172,XIAOMI,Redmi 3s Prime
4173,XIAOMI,Redmi 3s
4174,XIAOMI,Redmi 3 Pro
4175,XIAOMI,Mi Max
4176,XIAOMI,Mi 5
4177,XIAOMI,Mi 4s
4178,XIAOMI,Redmi Note 3
4179,XIAOMI,Redmi 3
4180,XIAOMI,Redmi Note Prime
4181,XIAOMI,Mi Pad 2
4182,XIAOMI,Redmi Note 3 (MediaTek)
4183,XIAOMI,Mi 4c
4184,XIAOMI,Redmi Note 2
4185,XIAOMI,Redmi 2 Pro
4186,XIAOMI,Redmi 2 Prime
4187,XIAOMI,Mi 4i
4188,XIAOMI,Mi Note Pro
4189,XIAOMI,Mi Note
4190,XIAOMI,Redmi 2A
4191,XIAOMI,Redmi 2
4192,XIAOMI,Mi 4 LTE
4193,XIAOMI,Redmi Note 4G
4194,XIAOMI,Mi 4
4195,XIAOMI,Mi Pad 7.9
4196,XIAOMI,Redmi Note
4197,XIAOMI,Mi 3
4198,XIAOMI,Redmi 1S
4199,XIAOMI,Redmi
4200,XIAOMI,Mi 2A
4201,XIAOMI,Mi 2S
4202,XIAOMI,Mi 2
4203,XIAOMI,Mi 1S
4204,XIAOMI,Poco M3 Pro
4205,XIAOMI,Mi 10 Lite Zoom
4206,XIAOMI,Mi 9X
4207,XIAOMI,Mi Max 4 Pro
4208,XIAOMI,Mi Max 4
4209,XIAOMI,Mi 6c
4210,XIAOMI,Redmi Pro 2
4211,XIAOMI,Mi Note Plus
